41.63640000 3.63636000
41.72730000 3.63636000
41.81820000 3.63636000
41.90910000 3.63636000
42.00000000 3.63636000
42.09090000 3.63636000
42.18180000 3.63636000
42.27270000 3.63636000
42.36360000 3.63636000
42.45450000 3.63636000
41.36360000 3.72727000
41.45450000 3.72727000
41.54550000 3.72727000
41.63640000 3.72727000
42.45450000 3.72727000
42.54550000 3.72727000
42.63640000 3.72727000
42.72730000 3.72727000
42.81820000 3.72727000
42.90910000 3.72727000
43.00000000 3.72727000
41.09090000 3.81818000
41.18180000 3.81818000
41.27270000 3.81818000
41.36360000 3.81818000
43.00000000 3.81818000
43.09090000 3.81818000
43.18180000 3.81818000
43.27270000 3.81818000
40.90910000 3.90909000
41.00000000 3.90909000
41.09090000 3.90909000
43.27270000 3.90909000
43.36360000 3.90909000
43.45450000 3.90909000
43.54550000 3.90909000
40.63640000 4.00000000
40.72730000 4.00000000
40.81820000 4.00000000
40.90910000 4.00000000
43.54550000 4.00000000
43.63640000 4.00000000
43.72730000 4.00000000
40.36360000 4.09091000
40.45450000 4.09091000
40.54550000 4.09091000
40.63640000 4.09091000
43.72730000 4.09091000
43.81820000 4.09091000
43.90910000 4.09091000
39.54550000 4.18182000
39.63640000 4.18182000
39.72730000 4.18182000
39.81820000 4.18182000
39.90910000 4.18182000
40.00000000 4.18182000
40.09090000 4.18182000
40.18180000 4.18182000
40.27270000 4.18182000
40.36360000 4.18182000
43.90910000 4.18182000
44.00000000 4.18182000
44.09090000 4.18182000
39.00000000 4.27273000
39.09090000 4.27273000
39.18180000 4.27273000
39.27270000 4.27273000
39.36360000 4.27273000
39.45450000 4.27273000
39.54550000 4.27273000
44.09090000 4.27273000
44.18180000 4.27273000
38.63640000 4.36364000
38.72730000 4.36364000
38.81820000 4.36364000
38.90910000 4.36364000
39.00000000 4.36364000
44.18180000 4.36364000
44.27270000 4.36364000
44.36360000 4.36364000
38.36360000 4.45455000
38.45450000 4.45455000
38.54550000 4.45455000
38.63640000 4.45455000
44.36360000 4.45455000
44.45450000 4.45455000
38.18180000 4.54545000
38.27270000 4.54545000
38.36360000 4.54545000
44.45450000 4.54545000
44.54550000 4.54545000
37.90910000 4.63636000
38.00000000 4.63636000
38.09090000 4.63636000
38.18180000 4.63636000
44.54550000 4.63636000
44.63640000 4.63636000
37.72730000 4.72727000
37.81820000 4.72727000
37.90910000 4.72727000
44.63640000 4.72727000
44.72730000 4.72727000
44.81820000 4.72727000
37.54550000 4.81818000
37.63640000 4.81818000
37.72730000 4.81818000
44.81820000 4.81818000
44.90910000 4.81818000
37.45450000 4.90909000
37.54550000 4.90909000
44.90910000 4.90909000
45.00000000 4.90909000
37.36360000 5.00000000
37.45450000 5.00000000
45.00000000 5.00000000
45.09090000 5.00000000
37.18180000 5.09091000
37.27270000 5.09091000
37.36360000 5.09091000
45.09090000 5.09091000
45.18180000 5.09091000
37.09090000 5.18182000
37.18180000 5.18182000
45.18180000 5.18182000
45.27270000 5.18182000
36.90910000 5.27273000
37.00000000 5.27273000
37.09090000 5.27273000
45.27270000 5.27273000
45.36360000 5.27273000
36.81820000 5.36364000
36.90910000 5.36364000
45.36360000 5.36364000
45.45450000 5.36364000
36.72730000 5.45455000
36.81820000 5.45455000
45.45450000 5.45455000
45.54550000 5.45455000
36.72730000 5.54545000
45.54550000 5.54545000
45.63640000 5.54545000
36.63640000 5.63636000
36.72730000 5.63636000
45.63640000 5.63636000
36.54550000 5.72727000
36.63640000 5.72727000
45.63640000 5.72727000
45.72730000 5.72727000
36.45450000 5.81818000
36.54550000 5.81818000
45.72730000 5.81818000
45.81820000 5.81818000
36.36360000 5.90909000
36.45450000 5.90909000
45.81820000 5.90909000
45.90910000 5.90909000
36.27270000 6.00000000
36.36360000 6.00000000
45.90910000 6.00000000
36.27270000 6.09091000
45.90910000 6.09091000
46.00000000 6.09091000
36.18180000 6.18182000
36.27270000 6.18182000
46.00000000 6.18182000
46.09090000 6.18182000
36.18180000 6.27273000
46.09090000 6.27273000
36.09090000 6.36364000
36.18180000 6.36364000
46.09090000 6.36364000
46.18180000 6.36364000
36.09090000 6.45455000
46.18180000 6.45455000
46.27270000 6.45455000
36.00000000 6.54545000
36.09090000 6.54545000
46.27270000 6.54545000
46.36360000 6.54545000
35.90910000 6.63636000
36.00000000 6.63636000
46.36360000 6.63636000
35.90910000 6.72727000
46.36360000 6.72727000
46.45450000 6.72727000
35.81820000 6.81818000
35.90910000 6.81818000
46.45450000 6.81818000
46.54550000 6.81818000
35.81820000 6.90909000
46.54550000 6.90909000
35.72730000 7.00000000
35.81820000 7.00000000
46.54550000 7.00000000
46.63640000 7.00000000
35.72730000 7.09091000
46.63640000 7.09091000
46.72730000 7.09091000
35.72730000 7.18182000
46.72730000 7.18182000
35.63640000 7.27273000
35.72730000 7.27273000
46.72730000 7.27273000
46.81820000 7.27273000
35.63640000 7.36364000
46.81820000 7.36364000
46.90910000 7.36364000
35.54550000 7.45455000
35.63640000 7.45455000
46.90910000 7.45455000
47.00000000 7.45455000
35.54550000 7.54545000
47.00000000 7.54545000
35.45450000 7.63636000
35.54550000 7.63636000
47.00000000 7.63636000
47.09090000 7.63636000
35.45450000 7.72727000
47.09090000 7.72727000
35.36360000 7.81818000
35.45450000 7.81818000
47.09090000 7.81818000
47.18180000 7.81818000
35.36360000 7.90909000
47.18180000 7.90909000
35.36360000 8.00000000
47.18180000 8.00000000
47.27270000 8.00000000
35.27270000 8.09091000
35.36360000 8.09091000
47.27270000 8.09091000
35.27270000 8.18182000
47.27270000 8.18182000
35.27270000 8.27273000
47.27270000 8.27273000
47.36360000 8.27273000
35.18180000 8.36364000
35.27270000 8.36364000
47.36360000 8.36364000
35.18180000 8.45454000
47.36360000 8.45454000
47.45450000 8.45454000
35.18180000 8.54546000
47.45450000 8.54546000
35.18180000 8.63636000
47.45450000 8.63636000
47.54550000 8.63636000
35.18180000 8.72727000
47.54550000 8.72727000
35.18180000 8.81818000
47.54550000 8.81818000
47.63640000 8.81818000
35.18180000 8.90909000
47.63640000 8.90909000
35.18180000 9.00000000
47.63640000 9.00000000
47.72730000 9.00000000
35.18180000 9.09091000
35.27270000 9.09091000
47.72730000 9.09091000
35.27270000 9.18182000
35.36360000 9.18182000
47.72730000 9.18182000
47.81820000 9.18182000
35.36360000 9.27273000
47.81820000 9.27273000
35.36360000 9.36364000
47.81820000 9.36364000
47.90910000 9.36364000
35.36360000 9.45454000
35.45450000 9.45454000
47.90910000 9.45454000
35.45450000 9.54546000
47.90910000 9.54546000
48.00000000 9.54546000
35.45450000 9.63636000
48.00000000 9.63636000
35.45450000 9.72727000
35.54550000 9.72727000
48.00000000 9.72727000
35.54550000 9.81818000
48.00000000 9.81818000
35.54550000 9.90909000
35.63640000 9.90909000
48.00000000 9.90909000
48.09090000 9.90909000
35.63640000 10.00000000
48.09090000 10.00000000
35.63640000 10.09090000
48.09090000 10.09090000
35.63640000 10.18180000
48.09090000 10.18180000
48.18180000 10.18180000
35.63640000 10.27270000
35.72730000 10.27270000
48.18180000 10.27270000
35.72730000 10.36360000
48.18180000 10.36360000
35.72730000 10.45450000
48.18180000 10.45450000
48.27270000 10.45450000
35.63640000 10.54550000
35.72730000 10.54550000
48.27270000 10.54550000
35.63640000 10.63640000
48.27270000 10.63640000
35.63640000 10.72730000
48.27270000 10.72730000
48.36360000 10.72730000
35.54550000 10.81820000
35.63640000 10.81820000
48.36360000 10.81820000
35.54550000 10.90910000
48.36360000 10.90910000
35.54550000 11.00000000
48.36360000 11.00000000
48.45450000 11.00000000
35.45450000 11.09090000
35.54550000 11.09090000
48.45450000 11.09090000
35.45450000 11.18180000
48.45450000 11.18180000
35.36360000 11.27270000
35.45450000 11.27270000
48.45450000 11.27270000
35.36360000 11.36360000
48.45450000 11.36360000
48.54550000 11.36360000
35.36360000 11.45450000
35.45450000 11.45450000
35.54550000 11.45450000
48.54550000 11.45450000
35.54550000 11.54550000
35.63640000 11.54550000
48.54550000 11.54550000
35.63640000 11.63640000
35.72730000 11.63640000
48.54550000 11.63640000
48.63640000 11.63640000
35.72730000 11.72730000
48.63640000 11.72730000
35.72730000 11.81820000
48.63640000 11.81820000
35.72730000 11.90910000
35.81820000 11.90910000
48.63640000 11.90910000
35.81820000 12.00000000
48.63640000 12.00000000
35.81820000 12.09090000
48.63640000 12.09090000
35.81820000 12.18180000
48.63640000 12.18180000
48.72730000 12.18180000
35.81820000 12.27270000
48.72730000 12.27270000
35.81820000 12.36360000
35.90910000 12.36360000
48.72730000 12.36360000
35.90910000 12.45450000
48.72730000 12.45450000
35.90910000 12.54550000
48.72730000 12.54550000
35.90910000 12.63640000
48.72730000 12.63640000
48.81820000 12.63640000
35.90910000 12.72730000
48.81820000 12.72730000
35.90910000 12.81820000
48.81820000 12.81820000
35.90910000 12.90910000
48.81820000 12.90910000
35.90910000 13.00000000
48.81820000 13.00000000
35.90910000 13.09090000
48.81820000 13.09090000
48.90910000 13.09090000
35.90910000 13.18180000
48.90910000 13.18180000
35.90910000 13.27270000
48.90910000 13.27270000
35.90910000 13.36360000
48.90910000 13.36360000
35.90910000 13.45450000
48.90910000 13.45450000
35.90910000 13.54550000
48.90910000 13.54550000
35.90910000 13.63640000
48.90910000 13.63640000
49.00000000 13.63640000
35.90910000 13.72730000
49.00000000 13.72730000
35.90910000 13.81820000
49.00000000 13.81820000
35.90910000 13.90910000
49.00000000 13.90910000
35.90910000 14.00000000
49.00000000 14.00000000
35.90910000 14.09090000
49.00000000 14.09090000
35.90910000 14.18180000
49.00000000 14.18180000
35.90910000 14.27270000
49.00000000 14.27270000
35.90910000 14.36360000
49.00000000 14.36360000
35.90910000 14.45450000
49.00000000 14.45450000
35.90910000 14.54550000
49.00000000 14.54550000
35.90910000 14.63640000
49.00000000 14.63640000
35.90910000 14.72730000
36.27270000 14.72730000
36.36360000 14.72730000
49.00000000 14.72730000
35.90910000 14.81820000
36.27270000 14.81820000
36.36360000 14.81820000
36.45450000 14.81820000
49.00000000 14.81820000
35.90910000 14.90910000
36.27270000 14.90910000
36.45450000 14.90910000
49.00000000 14.90910000
35.90910000 15.00000000
36.27270000 15.00000000
36.45450000 15.00000000
49.00000000 15.00000000
35.90910000 15.09090000
36.27270000 15.09090000
36.45450000 15.09090000
49.00000000 15.09090000
35.90910000 15.18180000
36.27270000 15.18180000
36.45450000 15.18180000
49.00000000 15.18180000
35.90910000 15.27270000
36.27270000 15.27270000
36.45450000 15.27270000
49.00000000 15.27270000
35.90910000 15.36360000
36.27270000 15.36360000
36.45450000 15.36360000
49.00000000 15.36360000
35.81820000 15.45450000
35.90910000 15.45450000
36.27270000 15.45450000
36.45450000 15.45450000
49.00000000 15.45450000
35.81820000 15.54550000
36.27270000 15.54550000
36.45450000 15.54550000
49.00000000 15.54550000
35.81820000 15.63640000
36.18180000 15.63640000
36.27270000 15.63640000
36.45450000 15.63640000
49.00000000 15.63640000
35.81820000 15.72730000
36.18180000 15.72730000
36.45450000 15.72730000
49.00000000 15.72730000
35.81820000 15.81820000
36.18180000 15.81820000
36.45450000 15.81820000
49.00000000 15.81820000
35.81820000 15.90910000
36.18180000 15.90910000
36.36360000 15.90910000
36.45450000 15.90910000
49.00000000 15.90910000
35.81820000 16.00000000
36.18180000 16.00000000
36.36360000 16.00000000
49.00000000 16.00000000
35.81820000 16.09090000
36.18180000 16.09090000
36.36360000 16.09090000
49.00000000 16.09090000
35.81820000 16.18180000
36.09090000 16.18180000
36.18180000 16.18180000
36.36360000 16.18180000
49.00000000 16.18180000
35.81820000 16.27270000
36.09090000 16.27270000
36.36360000 16.27270000
49.00000000 16.27270000
35.72730000 16.36360000
35.81820000 16.36360000
36.09090000 16.36360000
36.27270000 16.36360000
36.36360000 16.36360000
49.00000000 16.36360000
35.72730000 16.45450000
36.09090000 16.45450000
36.27270000 16.45450000
49.00000000 16.45450000
35.72730000 16.54550000
36.09090000 16.54550000
36.27270000 16.54550000
49.00000000 16.54550000
35.72730000 16.63640000
36.00000000 16.63640000
36.09090000 16.63640000
36.27270000 16.63640000
49.00000000 16.63640000
49.09090000 16.63640000
35.72730000 16.72730000
36.00000000 16.72730000
36.18180000 16.72730000
36.27270000 16.72730000
49.09090000 16.72730000
35.63640000 16.81820000
35.72730000 16.81820000
36.00000000 16.81820000
36.18180000 16.81820000
49.09090000 16.81820000
35.63640000 16.90910000
35.90910000 16.90910000
36.00000000 16.90910000
36.18180000 16.90910000
49.09090000 16.90910000
35.63640000 17.00000000
35.90910000 17.00000000
36.18180000 17.00000000
49.09090000 17.00000000
35.63640000 17.09090000
35.90910000 17.09090000
36.18180000 17.09090000
49.09090000 17.09090000
35.54550000 17.18180000
35.63640000 17.18180000
35.81820000 17.18180000
35.90910000 17.18180000
36.18180000 17.18180000
49.09090000 17.18180000
49.18180000 17.18180000
35.54550000 17.27270000
35.81820000 17.27270000
36.18180000 17.27270000
49.18180000 17.27270000
35.45450000 17.36360000
35.54550000 17.36360000
35.81820000 17.36360000
36.18180000 17.36360000
49.18180000 17.36360000
35.45450000 17.45450000
35.72730000 17.45450000
35.81820000 17.45450000
36.09090000 17.45450000
36.18180000 17.45450000
49.18180000 17.45450000
35.36360000 17.54550000
35.45450000 17.54550000
35.63640000 17.54550000
35.72730000 17.54550000
36.09090000 17.54550000
49.18180000 17.54550000
49.27270000 17.54550000
35.27270000 17.63640000
35.36360000 17.63640000
35.63640000 17.63640000
36.09090000 17.63640000
49.27270000 17.63640000
35.27270000 17.72730000
35.54550000 17.72730000
35.63640000 17.72730000
36.09090000 17.72730000
49.27270000 17.72730000
49.36360000 17.72730000
35.18180000 17.81820000
35.27270000 17.81820000
35.45450000 17.81820000
35.54550000 17.81820000
36.09090000 17.81820000
49.36360000 17.81820000
35.09090000 17.90910000
35.18180000 17.90910000
35.36360000 17.90910000
35.45450000 17.90910000
36.09090000 17.90910000
36.18180000 17.90910000
49.36360000 17.90910000
49.45450000 17.90910000
35.09090000 18.00000000
35.36360000 18.00000000
36.18180000 18.00000000
49.45450000 18.00000000
35.00000000 18.09090000
35.09090000 18.09090000
35.27270000 18.09090000
35.36360000 18.09090000
36.18180000 18.09090000
49.45450000 18.09090000
49.54550000 18.09090000
34.90910000 18.18180000
35.00000000 18.18180000
35.18180000 18.18180000
35.27270000 18.18180000
36.18180000 18.18180000
49.54550000 18.18180000
49.63640000 18.18180000
34.90910000 18.27270000
35.09090000 18.27270000
35.18180000 18.27270000
36.18180000 18.27270000
49.63640000 18.27270000
49.72730000 18.27270000
34.81820000 18.36360000
34.90910000 18.36360000
35.09090000 18.36360000
35.18180000 18.36360000
36.18180000 18.36360000
49.72730000 18.36360000
49.81820000 18.36360000
34.72730000 18.45450000
34.81820000 18.45450000
35.18180000 18.45450000
36.18180000 18.45450000
49.81820000 18.45450000
49.90910000 18.45450000
34.72730000 18.54550000
35.09090000 18.54550000
35.18180000 18.54550000
36.18180000 18.54550000
49.90910000 18.54550000
50.00000000 18.54550000
34.63640000 18.63640000
34.72730000 18.63640000
35.00000000 18.63640000
35.09090000 18.63640000
36.18180000 18.63640000
36.27270000 18.63640000
50.00000000 18.63640000
50.09090000 18.63640000
34.63640000 18.72730000
34.90910000 18.72730000
35.00000000 18.72730000
36.27270000 18.72730000
50.09090000 18.72730000
50.18180000 18.72730000
50.27270000 18.72730000
34.54550000 18.81820000
34.63640000 18.81820000
34.81820000 18.81820000
34.90910000 18.81820000
36.27270000 18.81820000
36.36360000 18.81820000
50.27270000 18.81820000
50.36360000 18.81820000
34.54550000 18.90910000
34.72730000 18.90910000
34.81820000 18.90910000
36.36360000 18.90910000
36.45450000 18.90910000
50.36360000 18.90910000
50.45450000 18.90910000
34.45450000 19.00000000
34.54550000 19.00000000
34.63640000 19.00000000
34.72730000 19.00000000
36.45450000 19.00000000
36.54550000 19.00000000
50.45450000 19.00000000
50.54550000 19.00000000
50.63640000 19.00000000
34.45450000 19.09090000
34.54550000 19.09090000
34.63640000 19.09090000
36.54550000 19.09090000
50.63640000 19.09090000
50.72730000 19.09090000
50.81820000 19.09090000
36.54550000 19.18180000
36.63640000 19.18180000
50.81820000 19.18180000
50.90910000 19.18180000
51.00000000 19.18180000
36.63640000 19.27270000
36.72730000 19.27270000
51.00000000 19.27270000
51.09090000 19.27270000
51.18180000 19.27270000
51.27270000 19.27270000
51.36360000 19.27270000
51.45450000 19.27270000
51.54550000 19.27270000
51.63640000 19.27270000
51.72730000 19.27270000
51.81820000 19.27270000
36.72730000 19.36360000
51.36360000 19.36360000
51.45450000 19.36360000
51.81820000 19.36360000
51.90910000 19.36360000
52.00000000 19.36360000
52.09090000 19.36360000
36.72730000 19.45450000
36.81820000 19.45450000
52.09090000 19.45450000
52.18180000 19.45450000
52.27270000 19.45450000
36.81820000 19.54550000
52.27270000 19.54550000
52.36360000 19.54550000
36.81820000 19.63640000
52.36360000 19.63640000
52.45450000 19.63640000
52.54550000 19.63640000
36.72730000 19.72730000
36.81820000 19.72730000
52.54550000 19.72730000
52.63640000 19.72730000
52.72730000 19.72730000
36.72730000 19.81820000
52.72730000 19.81820000
52.81820000 19.81820000
52.90910000 19.81820000
53.00000000 19.81820000
53.09090000 19.81820000
53.18180000 19.81820000
36.72730000 19.90910000
53.18180000 19.90910000
53.27270000 19.90910000
36.63640000 20.00000000
36.72730000 20.00000000
53.27270000 20.00000000
36.45450000 20.09090000
36.54550000 20.09090000
36.63640000 20.09090000
53.27270000 20.09090000
36.27270000 20.18180000
36.36360000 20.18180000
36.45450000 20.18180000
53.27270000 20.18180000
53.36360000 20.18180000
36.00000000 20.27270000
36.09090000 20.27270000
36.18180000 20.27270000
36.27270000 20.27270000
53.36360000 20.27270000
53.45450000 20.27270000
35.72730000 20.36360000
35.81820000 20.36360000
35.90910000 20.36360000
36.00000000 20.36360000
53.45450000 20.36360000
53.54550000 20.36360000
35.54550000 20.45450000
35.63640000 20.45450000
35.72730000 20.45450000
53.54550000 20.45450000
53.63640000 20.45450000
53.72730000 20.45450000
35.36360000 20.54550000
35.45450000 20.54550000
35.54550000 20.54550000
53.72730000 20.54550000
53.81820000 20.54550000
53.90910000 20.54550000
35.18180000 20.63640000
35.27270000 20.63640000
35.36360000 20.63640000
53.90910000 20.63640000
54.00000000 20.63640000
54.09090000 20.63640000
54.18180000 20.63640000
35.09090000 20.72730000
35.18180000 20.72730000
54.18180000 20.72730000
54.27270000 20.72730000
54.36360000 20.72730000
35.00000000 20.81820000
35.09090000 20.81820000
54.36360000 20.81820000
54.45450000 20.81820000
34.90910000 20.90910000
35.00000000 20.90910000
54.45450000 20.90910000
54.54550000 20.90910000
54.63640000 20.90910000
34.81820000 21.00000000
34.90910000 21.00000000
54.63640000 21.00000000
54.72730000 21.00000000
54.81820000 21.00000000
34.63640000 21.09090000
34.72730000 21.09090000
34.81820000 21.09090000
54.81820000 21.09090000
54.90910000 21.09090000
34.54550000 21.18180000
34.63640000 21.18180000
54.90910000 21.18180000
55.00000000 21.18180000
55.09090000 21.18180000
34.45450000 21.27270000
34.54550000 21.27270000
55.09090000 21.27270000
55.18180000 21.27270000
34.36360000 21.36360000
34.45450000 21.36360000
55.18180000 21.36360000
55.27270000 21.36360000
34.27270000 21.45450000
34.36360000 21.45450000
55.27270000 21.45450000
55.36360000 21.45450000
34.09090000 21.54550000
34.18180000 21.54550000
34.27270000 21.54550000
55.36360000 21.54550000
55.45450000 21.54550000
34.00000000 21.63640000
34.09090000 21.63640000
55.45450000 21.63640000
55.54550000 21.63640000
33.90910000 21.72730000
34.00000000 21.72730000
55.54550000 21.72730000
55.63640000 21.72730000
33.81820000 21.81820000
33.90910000 21.81820000
55.63640000 21.81820000
55.72730000 21.81820000
55.81820000 21.81820000
33.72730000 21.90910000
33.81820000 21.90910000
55.81820000 21.90910000
55.90910000 21.90910000
33.63640000 22.00000000
33.72730000 22.00000000
55.90910000 22.00000000
56.00000000 22.00000000
33.54550000 22.09090000
33.63640000 22.09090000
56.00000000 22.09090000
56.09090000 22.09090000
33.45450000 22.18180000
33.54550000 22.18180000
56.09090000 22.18180000
56.18180000 22.18180000
33.36360000 22.27270000
33.45450000 22.27270000
56.18180000 22.27270000
56.27270000 22.27270000
56.36360000 22.27270000
33.27270000 22.36360000
33.36360000 22.36360000
56.36360000 22.36360000
56.45450000 22.36360000
33.27270000 22.45450000
56.45450000 22.45450000
56.54550000 22.45450000
33.18180000 22.54550000
33.27270000 22.54550000
56.54550000 22.54550000
56.63640000 22.54550000
56.72730000 22.54550000
33.09090000 22.63640000
33.18180000 22.63640000
56.72730000 22.63640000
56.81820000 22.63640000
33.00000000 22.72730000
33.09090000 22.72730000
56.81820000 22.72730000
56.90910000 22.72730000
33.00000000 22.81820000
56.90910000 22.81820000
57.00000000 22.81820000
32.90910000 22.90910000
33.00000000 22.90910000
57.00000000 22.90910000
57.09090000 22.90910000
32.81820000 23.00000000
32.90910000 23.00000000
57.09090000 23.00000000
57.18180000 23.00000000
32.81820000 23.09090000
57.18180000 23.09090000
57.27270000 23.09090000
32.72730000 23.18180000
32.81820000 23.18180000
57.27270000 23.18180000
57.36360000 23.18180000
32.63640000 23.27270000
32.72730000 23.27270000
57.36360000 23.27270000
57.45450000 23.27270000
32.54550000 23.36360000
32.63640000 23.36360000
57.45450000 23.36360000
32.45450000 23.45450000
32.54550000 23.45450000
57.45450000 23.45450000
57.54550000 23.45450000
32.36360000 23.54550000
32.45450000 23.54550000
57.54550000 23.54550000
57.63640000 23.54550000
32.36360000 23.63640000
57.63640000 23.63640000
32.27270000 23.72730000
32.36360000 23.72730000
57.63640000 23.72730000
57.72730000 23.72730000
32.18180000 23.81820000
32.27270000 23.81820000
57.72730000 23.81820000
32.09090000 23.90910000
32.18180000 23.90910000
57.72730000 23.90910000
57.81820000 23.90910000
32.00000000 24.00000000
32.09090000 24.00000000
57.81820000 24.00000000
31.90910000 24.09090000
32.00000000 24.09090000
57.81820000 24.09090000
57.90910000 24.09090000
31.81820000 24.18180000
31.90910000 24.18180000
57.90910000 24.18180000
31.72730000 24.27270000
31.81820000 24.27270000
57.90910000 24.27270000
31.63640000 24.36360000
31.72730000 24.36360000
57.90910000 24.36360000
58.00000000 24.36360000
31.54550000 24.45450000
31.63640000 24.45450000
58.00000000 24.45450000
31.54550000 24.54550000
58.00000000 24.54550000
31.45450000 24.63640000
31.54550000 24.63640000
58.00000000 24.63640000
31.45450000 24.72730000
58.00000000 24.72730000
31.45450000 24.81820000
58.00000000 24.81820000
31.36360000 24.90910000
31.45450000 24.90910000
58.00000000 24.90910000
58.09090000 24.90910000
31.36360000 25.00000000
58.09090000 25.00000000
31.36360000 25.09090000
58.09090000 25.09090000
31.36360000 25.18180000
58.09090000 25.18180000
31.36360000 25.27270000
58.09090000 25.27270000
31.36360000 25.36360000
58.09090000 25.36360000
31.36360000 25.45450000
58.09090000 25.45450000
31.36360000 25.54550000
31.45450000 25.54550000
58.09090000 25.54550000
58.18180000 25.54550000
31.36360000 25.63640000
31.45450000 25.63640000
58.18180000 25.63640000
58.27270000 25.63640000
58.36360000 25.63640000
31.27270000 25.72730000
31.36360000 25.72730000
58.36360000 25.72730000
31.18180000 25.81820000
31.27270000 25.81820000
58.36360000 25.81820000
31.18180000 25.90910000
58.36360000 25.90910000
58.45450000 25.90910000
31.18180000 26.00000000
58.45450000 26.00000000
31.09090000 26.09090000
31.18180000 26.09090000
58.45450000 26.09090000
31.09090000 26.18180000
58.36360000 26.18180000
58.45450000 26.18180000
31.09090000 26.27270000
58.36360000 26.27270000
31.09090000 26.36360000
58.36360000 26.36360000
31.09090000 26.45450000
58.36360000 26.45450000
31.00000000 26.54550000
31.09090000 26.54550000
58.36360000 26.54550000
58.45450000 26.54550000
31.00000000 26.63640000
58.45450000 26.63640000
31.00000000 26.72730000
58.45450000 26.72730000
31.00000000 26.81820000
58.45450000 26.81820000
31.00000000 26.90910000
58.45450000 26.90910000
31.00000000 27.00000000
58.45450000 27.00000000
31.00000000 27.09090000
58.45450000 27.09090000
31.00000000 27.18180000
58.45450000 27.18180000
31.00000000 27.27270000
58.45450000 27.27270000
30.90910000 27.36360000
31.00000000 27.36360000
58.45450000 27.36360000
30.90910000 27.45450000
58.45450000 27.45450000
30.90910000 27.54550000
58.45450000 27.54550000
30.90910000 27.63640000
58.45450000 27.63640000
30.90910000 27.72730000
58.45450000 27.72730000
58.54550000 27.72730000
30.90910000 27.81820000
58.54550000 27.81820000
30.81820000 27.90910000
30.90910000 27.90910000
58.54550000 27.90910000
30.81820000 28.00000000
58.54550000 28.00000000
30.72730000 28.09090000
30.81820000 28.09090000
58.54550000 28.09090000
30.72730000 28.18180000
58.54550000 28.18180000
30.72730000 28.27270000
58.54550000 28.27270000
58.63640000 28.27270000
30.63640000 28.36360000
30.72730000 28.36360000
58.63640000 28.36360000
30.63640000 28.45450000
58.63640000 28.45450000
30.63640000 28.54550000
58.63640000 28.54550000
30.63640000 28.63640000
58.63640000 28.63640000
30.63640000 28.72730000
58.63640000 28.72730000
30.63640000 28.81820000
58.63640000 28.81820000
30.54550000 28.90910000
30.63640000 28.90910000
58.63640000 28.90910000
30.54550000 29.00000000
58.63640000 29.00000000
58.72730000 29.00000000
30.54550000 29.09090000
58.72730000 29.09090000
30.54550000 29.18180000
58.72730000 29.18180000
30.54550000 29.27270000
58.72730000 29.27270000
30.54550000 29.36360000
58.72730000 29.36360000
58.81820000 29.36360000
30.54550000 29.45450000
58.81820000 29.45450000
30.54550000 29.54550000
58.81820000 29.54550000
30.54550000 29.63640000
58.81820000 29.63640000
30.45450000 29.72730000
30.54550000 29.72730000
58.81820000 29.72730000
58.90910000 29.72730000
30.45450000 29.81820000
58.90910000 29.81820000
30.36360000 29.90910000
30.45450000 29.90910000
58.90910000 29.90910000
30.36360000 30.00000000
58.90910000 30.00000000
30.36360000 30.09090000
58.90910000 30.09090000
30.27270000 30.18180000
30.36360000 30.18180000
58.90910000 30.18180000
59.00000000 30.18180000
30.27270000 30.27270000
59.00000000 30.27270000
30.27270000 30.36360000
59.00000000 30.36360000
30.18180000 30.45450000
30.27270000 30.45450000
59.00000000 30.45450000
30.18180000 30.54550000
59.00000000 30.54550000
30.18180000 30.63640000
59.00000000 30.63640000
70.27270000 30.63640000
70.36360000 30.63640000
70.45450000 30.63640000
70.54550000 30.63640000
70.63640000 30.63640000
70.72730000 30.63640000
70.81820000 30.63640000
70.90910000 30.63640000
71.00000000 30.63640000
71.09090000 30.63640000
71.18180000 30.63640000
30.18180000 30.72730000
59.00000000 30.72730000
69.36360000 30.72730000
69.45450000 30.72730000
69.54550000 30.72730000
69.63640000 30.72730000
69.72730000 30.72730000
69.81820000 30.72730000
69.90910000 30.72730000
70.00000000 30.72730000
70.09090000 30.72730000
70.18180000 30.72730000
70.27270000 30.72730000
71.18180000 30.72730000
71.27270000 30.72730000
71.36360000 30.72730000
71.45450000 30.72730000
71.54550000 30.72730000
71.63640000 30.72730000
71.72730000 30.72730000
71.81820000 30.72730000
30.18180000 30.81820000
59.00000000 30.81820000
59.09090000 30.81820000
69.09090000 30.81820000
69.18180000 30.81820000
69.27270000 30.81820000
69.36360000 30.81820000
71.81820000 30.81820000
71.90910000 30.81820000
72.00000000 30.81820000
72.09090000 30.81820000
72.18180000 30.81820000
72.27270000 30.81820000
72.36360000 30.81820000
72.45450000 30.81820000
30.09090000 30.90910000
30.18180000 30.90910000
59.09090000 30.90910000
68.81820000 30.90910000
68.90910000 30.90910000
69.00000000 30.90910000
69.09090000 30.90910000
72.45450000 30.90910000
72.54550000 30.90910000
72.63640000 30.90910000
30.09090000 31.00000000
59.09090000 31.00000000
68.72730000 31.00000000
68.81820000 31.00000000
72.63640000 31.00000000
72.72730000 31.00000000
72.81820000 31.00000000
72.90910000 31.00000000
30.09090000 31.09090000
59.09090000 31.09090000
68.63640000 31.09090000
68.72730000 31.09090000
72.90910000 31.09090000
73.00000000 31.09090000
73.09090000 31.09090000
73.18180000 31.09090000
30.09090000 31.18180000
59.09090000 31.18180000
68.54550000 31.18180000
68.63640000 31.18180000
73.18180000 31.18180000
73.27270000 31.18180000
73.36360000 31.18180000
30.09090000 31.27270000
59.09090000 31.27270000
68.45450000 31.27270000
68.54550000 31.27270000
73.36360000 31.27270000
73.45450000 31.27270000
73.54550000 31.27270000
73.63640000 31.27270000
30.09090000 31.36360000
59.09090000 31.36360000
68.36360000 31.36360000
68.45450000 31.36360000
73.63640000 31.36360000
73.72730000 31.36360000
73.81820000 31.36360000
30.09090000 31.45450000
59.09090000 31.45450000
68.27270000 31.45450000
68.36360000 31.45450000
73.81820000 31.45450000
73.90910000 31.45450000
74.00000000 31.45450000
30.09090000 31.54550000
59.00000000 31.54550000
59.09090000 31.54550000
68.27270000 31.54550000
74.00000000 31.54550000
74.09090000 31.54550000
30.09090000 31.63640000
59.00000000 31.63640000
68.18180000 31.63640000
68.27270000 31.63640000
74.09090000 31.63640000
74.18180000 31.63640000
74.27270000 31.63640000
30.09090000 31.72730000
59.00000000 31.72730000
68.18180000 31.72730000
74.27270000 31.72730000
74.36360000 31.72730000
30.09090000 31.81820000
59.00000000 31.81820000
68.09090000 31.81820000
68.18180000 31.81820000
74.36360000 31.81820000
74.45450000 31.81820000
74.54550000 31.81820000
30.09090000 31.90910000
59.00000000 31.90910000
68.00000000 31.90910000
68.09090000 31.90910000
74.54550000 31.90910000
74.63640000 31.90910000
30.09090000 32.00000000
59.00000000 32.00000000
68.00000000 32.00000000
74.63640000 32.00000000
74.72730000 32.00000000
74.81820000 32.00000000
30.00000000 32.09090000
30.09090000 32.09090000
59.00000000 32.09090000
67.90910000 32.09090000
68.00000000 32.09090000
74.81820000 32.09090000
74.90910000 32.09090000
30.00000000 32.18180000
59.00000000 32.18180000
67.90910000 32.18180000
74.90910000 32.18180000
75.00000000 32.18180000
30.00000000 32.27270000
59.00000000 32.27270000
67.81820000 32.27270000
67.90910000 32.27270000
75.00000000 32.27270000
75.09090000 32.27270000
75.18180000 32.27270000
30.00000000 32.36360000
59.00000000 32.36360000
59.09090000 32.36360000
67.72730000 32.36360000
67.81820000 32.36360000
75.18180000 32.36360000
75.27270000 32.36360000
30.00000000 32.45450000
59.09090000 32.45450000
67.72730000 32.45450000
75.27270000 32.45450000
75.36360000 32.45450000
30.00000000 32.54550000
59.09090000 32.54550000
67.63640000 32.54550000
67.72730000 32.54550000
75.36360000 32.54550000
75.45450000 32.54550000
75.54550000 32.54550000
30.00000000 32.63640000
59.09090000 32.63640000
67.63640000 32.63640000
75.54550000 32.63640000
75.63640000 32.63640000
29.90910000 32.72730000
30.00000000 32.72730000
59.09090000 32.72730000
67.54550000 32.72730000
67.63640000 32.72730000
75.63640000 32.72730000
75.72730000 32.72730000
75.81820000 32.72730000
29.90910000 32.81820000
59.09090000 32.81820000
67.45450000 32.81820000
67.54550000 32.81820000
75.81820000 32.81820000
75.90910000 32.81820000
29.90910000 32.90910000
59.09090000 32.90910000
67.45450000 32.90910000
75.90910000 32.90910000
76.00000000 32.90910000
29.90910000 33.00000000
59.09090000 33.00000000
59.18180000 33.00000000
67.36360000 33.00000000
67.45450000 33.00000000
76.00000000 33.00000000
76.09090000 33.00000000
29.90910000 33.09090000
59.18180000 33.09090000
67.36360000 33.09090000
76.09090000 33.09090000
76.18180000 33.09090000
29.81820000 33.18180000
29.90910000 33.18180000
59.18180000 33.18180000
67.27270000 33.18180000
67.36360000 33.18180000
76.18180000 33.18180000
76.27270000 33.18180000
29.81820000 33.27270000
59.18180000 33.27270000
67.18180000 33.27270000
67.27270000 33.27270000
76.27270000 33.27270000
76.36360000 33.27270000
29.81820000 33.36360000
59.18180000 33.36360000
59.27270000 33.36360000
67.18180000 33.36360000
76.36360000 33.36360000
76.45450000 33.36360000
29.81820000 33.45450000
59.27270000 33.45450000
67.09090000 33.45450000
67.18180000 33.45450000
76.45450000 33.45450000
29.81820000 33.54550000
59.27270000 33.54550000
67.00000000 33.54550000
67.09090000 33.54550000
76.45450000 33.54550000
29.81820000 33.63640000
59.27270000 33.63640000
66.90910000 33.63640000
67.00000000 33.63640000
76.45450000 33.63640000
76.54550000 33.63640000
29.72730000 33.72730000
29.81820000 33.72730000
59.27270000 33.72730000
66.72730000 33.72730000
66.81820000 33.72730000
66.90910000 33.72730000
76.54550000 33.72730000
29.72730000 33.81820000
59.27270000 33.81820000
59.36360000 33.81820000
66.63640000 33.81820000
66.72730000 33.81820000
76.54550000 33.81820000
76.63640000 33.81820000
29.72730000 33.90910000
59.36360000 33.90910000
66.63640000 33.90910000
76.63640000 33.90910000
29.72730000 34.00000000
59.36360000 34.00000000
66.63640000 34.00000000
76.63640000 34.00000000
29.72730000 34.09090000
59.36360000 34.09090000
66.63640000 34.09090000
76.63640000 34.09090000
29.63640000 34.18180000
29.72730000 34.18180000
59.36360000 34.18180000
66.63640000 34.18180000
76.63640000 34.18180000
29.63640000 34.27270000
59.36360000 34.27270000
66.63640000 34.27270000
76.63640000 34.27270000
29.63640000 34.36360000
59.36360000 34.36360000
66.63640000 34.36360000
76.63640000 34.36360000
29.63640000 34.45450000
59.36360000 34.45450000
66.63640000 34.45450000
76.63640000 34.45450000
29.63640000 34.54550000
59.36360000 34.54550000
66.63640000 34.54550000
76.63640000 34.54550000
29.63640000 34.63640000
59.36360000 34.63640000
66.63640000 34.63640000
76.63640000 34.63640000
76.72730000 34.63640000
29.63640000 34.72730000
59.36360000 34.72730000
66.54550000 34.72730000
66.63640000 34.72730000
76.72730000 34.72730000
29.63640000 34.81820000
59.36360000 34.81820000
66.45450000 34.81820000
66.54550000 34.81820000
76.72730000 34.81820000
29.63640000 34.90910000
59.36360000 34.90910000
66.45450000 34.90910000
76.72730000 34.90910000
29.54550000 35.00000000
29.63640000 35.00000000
59.36360000 35.00000000
66.36360000 35.00000000
66.45450000 35.00000000
76.72730000 35.00000000
29.54550000 35.09090000
59.27270000 35.09090000
59.36360000 35.09090000
66.27270000 35.09090000
66.36360000 35.09090000
76.72730000 35.09090000
29.54550000 35.18180000
59.27270000 35.18180000
66.18180000 35.18180000
66.27270000 35.18180000
76.72730000 35.18180000
29.54550000 35.27270000
59.27270000 35.27270000
66.18180000 35.27270000
76.72730000 35.27270000
29.54550000 35.36360000
59.27270000 35.36360000
66.09090000 35.36360000
66.18180000 35.36360000
76.72730000 35.36360000
29.54550000 35.45450000
59.27270000 35.45450000
66.00000000 35.45450000
66.09090000 35.45450000
76.72730000 35.45450000
29.54550000 35.54550000
59.27270000 35.54550000
65.90910000 35.54550000
66.00000000 35.54550000
76.72730000 35.54550000
29.54550000 35.63640000
59.27270000 35.63640000
65.81820000 35.63640000
65.90910000 35.63640000
76.72730000 35.63640000
29.54550000 35.72730000
59.27270000 35.72730000
65.81820000 35.72730000
76.72730000 35.72730000
29.54550000 35.81820000
59.27270000 35.81820000
65.72730000 35.81820000
65.81820000 35.81820000
76.72730000 35.81820000
29.45450000 35.90910000
29.54550000 35.90910000
59.27270000 35.90910000
65.63640000 35.90910000
65.72730000 35.90910000
76.72730000 35.90910000
29.45450000 36.00000000
59.27270000 36.00000000
65.63640000 36.00000000
76.72730000 36.00000000
29.45450000 36.09090000
59.27270000 36.09090000
65.54550000 36.09090000
65.63640000 36.09090000
76.72730000 36.09090000
29.45450000 36.18180000
59.27270000 36.18180000
65.54550000 36.18180000
76.72730000 36.18180000
29.45450000 36.27270000
59.27270000 36.27270000
65.45450000 36.27270000
65.54550000 36.27270000
76.72730000 36.27270000
29.45450000 36.36360000
59.27270000 36.36360000
65.45450000 36.36360000
76.72730000 36.36360000
29.45450000 36.45450000
59.27270000 36.45450000
65.36360000 36.45450000
65.45450000 36.45450000
76.72730000 36.45450000
29.45450000 36.54550000
59.27270000 36.54550000
65.36360000 36.54550000
76.72730000 36.54550000
29.36360000 36.63640000
29.45450000 36.63640000
59.27270000 36.63640000
65.36360000 36.63640000
76.72730000 36.63640000
29.36360000 36.72730000
59.27270000 36.72730000
65.36360000 36.72730000
76.72730000 36.72730000
29.36360000 36.81820000
59.27270000 36.81820000
65.36360000 36.81820000
76.72730000 36.81820000
29.36360000 36.90910000
59.27270000 36.90910000
65.36360000 36.90910000
76.72730000 36.90910000
29.36360000 37.00000000
59.27270000 37.00000000
65.36360000 37.00000000
76.72730000 37.00000000
29.36360000 37.09090000
59.27270000 37.09090000
65.36360000 37.09090000
76.72730000 37.09090000
29.36360000 37.18180000
59.27270000 37.18180000
65.36360000 37.18180000
76.72730000 37.18180000
29.27270000 37.27270000
29.36360000 37.27270000
59.27270000 37.27270000
65.36360000 37.27270000
76.72730000 37.27270000
29.27270000 37.36360000
59.27270000 37.36360000
65.36360000 37.36360000
76.72730000 37.36360000
29.27270000 37.45450000
59.27270000 37.45450000
59.36360000 37.45450000
65.36360000 37.45450000
76.72730000 37.45450000
29.27270000 37.54550000
59.36360000 37.54550000
65.36360000 37.54550000
76.72730000 37.54550000
29.27270000 37.63640000
59.36360000 37.63640000
65.36360000 37.63640000
76.72730000 37.63640000
29.27270000 37.72730000
59.36360000 37.72730000
65.36360000 37.72730000
76.72730000 37.72730000
29.27270000 37.81820000
59.36360000 37.81820000
65.36360000 37.81820000
76.72730000 37.81820000
29.27270000 37.90910000
59.36360000 37.90910000
65.36360000 37.90910000
76.72730000 37.90910000
29.18180000 38.00000000
29.27270000 38.00000000
59.36360000 38.00000000
65.36360000 38.00000000
76.72730000 38.00000000
29.18180000 38.09090000
59.36360000 38.09090000
65.36360000 38.09090000
76.72730000 38.09090000
29.18180000 38.18180000
59.36360000 38.18180000
65.36360000 38.18180000
76.72730000 38.18180000
29.18180000 38.27270000
59.36360000 38.27270000
65.36360000 38.27270000
76.72730000 38.27270000
29.18180000 38.36360000
59.36360000 38.36360000
65.36360000 38.36360000
76.72730000 38.36360000
8.18182000 38.45450000
8.27273000 38.45450000
8.36364000 38.45450000
8.45454000 38.45450000
8.54546000 38.45450000
8.63636000 38.45450000
8.72727000 38.45450000
8.81818000 38.45450000
8.90909000 38.45450000
9.00000000 38.45450000
9.09091000 38.45450000
9.18182000 38.45450000
9.27273000 38.45450000
9.36364000 38.45450000
9.45454000 38.45450000
9.54546000 38.45450000
9.63636000 38.45450000
9.72727000 38.45450000
9.81818000 38.45450000
9.90909000 38.45450000
10.00000000 38.45450000
10.09090000 38.45450000
10.18180000 38.45450000
10.27270000 38.45450000
29.18180000 38.45450000
59.36360000 38.45450000
65.36360000 38.45450000
76.72730000 38.45450000
7.81818000 38.54550000
7.90909000 38.54550000
8.00000000 38.54550000
8.09091000 38.54550000
8.18182000 38.54550000
10.27270000 38.54550000
10.36360000 38.54550000
10.45450000 38.54550000
10.54550000 38.54550000
10.63640000 38.54550000
29.18180000 38.54550000
59.36360000 38.54550000
65.36360000 38.54550000
76.72730000 38.54550000
76.81820000 38.54550000
7.63636000 38.63640000
7.72727000 38.63640000
7.81818000 38.63640000
10.63640000 38.63640000
10.72730000 38.63640000
29.09090000 38.63640000
29.18180000 38.63640000
59.36360000 38.63640000
65.36360000 38.63640000
76.81820000 38.63640000
7.45455000 38.72730000
7.54545000 38.72730000
7.63636000 38.72730000
10.72730000 38.72730000
10.81820000 38.72730000
29.09090000 38.72730000
59.36360000 38.72730000
65.36360000 38.72730000
76.81820000 38.72730000
7.36364000 38.81820000
7.45455000 38.81820000
10.81820000 38.81820000
10.90910000 38.81820000
11.00000000 38.81820000
29.09090000 38.81820000
59.36360000 38.81820000
65.36360000 38.81820000
76.81820000 38.81820000
7.18182000 38.90910000
7.27273000 38.90910000
7.36364000 38.90910000
11.00000000 38.90910000
11.09090000 38.90910000
29.09090000 38.90910000
59.36360000 38.90910000
65.36360000 38.90910000
76.81820000 38.90910000
7.00000000 39.00000000
7.09091000 39.00000000
7.18182000 39.00000000
11.09090000 39.00000000
11.18180000 39.00000000
29.09090000 39.00000000
59.36360000 39.00000000
65.36360000 39.00000000
65.45450000 39.00000000
76.81820000 39.00000000
6.81818000 39.09090000
6.90909000 39.09090000
7.00000000 39.09090000
11.18180000 39.09090000
11.27270000 39.09090000
29.09090000 39.09090000
59.36360000 39.09090000
65.45450000 39.09090000
76.81820000 39.09090000
6.63636000 39.18180000
6.72727000 39.18180000
6.81818000 39.18180000
11.27270000 39.18180000
11.36360000 39.18180000
29.09090000 39.18180000
59.36360000 39.18180000
65.45450000 39.18180000
76.72730000 39.18180000
76.81820000 39.18180000
6.45455000 39.27270000
6.54545000 39.27270000
6.63636000 39.27270000
11.36360000 39.27270000
11.45450000 39.27270000
29.00000000 39.27270000
29.09090000 39.27270000
59.36360000 39.27270000
65.45450000 39.27270000
65.54550000 39.27270000
76.72730000 39.27270000
6.27273000 39.36360000
6.36364000 39.36360000
6.45455000 39.36360000
11.45450000 39.36360000
11.54550000 39.36360000
29.00000000 39.36360000
59.36360000 39.36360000
65.54550000 39.36360000
76.72730000 39.36360000
6.18182000 39.45450000
6.27273000 39.45450000
11.54550000 39.45450000
11.63640000 39.45450000
29.00000000 39.45450000
59.36360000 39.45450000
65.54550000 39.45450000
65.63640000 39.45450000
76.72730000 39.45450000
6.09091000 39.54550000
6.18182000 39.54550000
11.63640000 39.54550000
11.72730000 39.54550000
29.00000000 39.54550000
59.36360000 39.54550000
65.63640000 39.54550000
65.72730000 39.54550000
76.72730000 39.54550000
6.00000000 39.63640000
6.09091000 39.63640000
11.72730000 39.63640000
11.81820000 39.63640000
29.00000000 39.63640000
59.36360000 39.63640000
65.72730000 39.63640000
65.81820000 39.63640000
76.72730000 39.63640000
5.81818000 39.72730000
5.90909000 39.72730000
6.00000000 39.72730000
11.81820000 39.72730000
29.00000000 39.72730000
59.36360000 39.72730000
65.81820000 39.72730000
65.90910000 39.72730000
76.72730000 39.72730000
5.72727000 39.81820000
5.81818000 39.81820000
11.81820000 39.81820000
11.90910000 39.81820000
29.00000000 39.81820000
59.36360000 39.81820000
65.90910000 39.81820000
66.00000000 39.81820000
76.72730000 39.81820000
5.63636000 39.90910000
5.72727000 39.90910000
11.90910000 39.90910000
12.00000000 39.90910000
28.90910000 39.90910000
29.00000000 39.90910000
59.36360000 39.90910000
66.00000000 39.90910000
66.09090000 39.90910000
66.18180000 39.90910000
76.72730000 39.90910000
5.54545000 40.00000000
5.63636000 40.00000000
12.00000000 40.00000000
12.09090000 40.00000000
28.90910000 40.00000000
59.36360000 40.00000000
66.18180000 40.00000000
66.27270000 40.00000000
66.36360000 40.00000000
66.45450000 40.00000000
76.72730000 40.00000000
5.45455000 40.09090000
5.54545000 40.09090000
12.09090000 40.09090000
12.18180000 40.09090000
28.90910000 40.09090000
59.36360000 40.09090000
66.45450000 40.09090000
66.54550000 40.09090000
66.63640000 40.09090000
66.72730000 40.09090000
66.81820000 40.09090000
76.72730000 40.09090000
5.36364000 40.18180000
5.45455000 40.18180000
12.18180000 40.18180000
12.27270000 40.18180000
28.90910000 40.18180000
59.36360000 40.18180000
66.81820000 40.18180000
66.90910000 40.18180000
67.00000000 40.18180000
67.09090000 40.18180000
67.18180000 40.18180000
67.27270000 40.18180000
76.63640000 40.18180000
76.72730000 40.18180000
5.27273000 40.27270000
5.36364000 40.27270000
12.27270000 40.27270000
12.36360000 40.27270000
28.90910000 40.27270000
59.27270000 40.27270000
59.36360000 40.27270000
67.27270000 40.27270000
67.36360000 40.27270000
76.63640000 40.27270000
5.18182000 40.36360000
5.27273000 40.36360000
12.36360000 40.36360000
28.90910000 40.36360000
59.27270000 40.36360000
67.36360000 40.36360000
76.63640000 40.36360000
5.09091000 40.45450000
5.18182000 40.45450000
12.36360000 40.45450000
12.45450000 40.45450000
28.90910000 40.45450000
59.27270000 40.45450000
67.36360000 40.45450000
76.63640000 40.45450000
4.90909000 40.54550000
5.00000000 40.54550000
5.09091000 40.54550000
12.45450000 40.54550000
12.54550000 40.54550000
28.90910000 40.54550000
59.27270000 40.54550000
67.27270000 40.54550000
67.36360000 40.54550000
76.63640000 40.54550000
4.81818000 40.63640000
4.90909000 40.63640000
12.54550000 40.63640000
12.63640000 40.63640000
28.81820000 40.63640000
28.90910000 40.63640000
59.27270000 40.63640000
67.18180000 40.63640000
67.27270000 40.63640000
76.63640000 40.63640000
4.72727000 40.72730000
4.81818000 40.72730000
12.63640000 40.72730000
28.81820000 40.72730000
59.27270000 40.72730000
67.09090000 40.72730000
67.18180000 40.72730000
76.63640000 40.72730000
4.72727000 40.81820000
12.63640000 40.81820000
12.72730000 40.81820000
28.81820000 40.81820000
59.27270000 40.81820000
67.00000000 40.81820000
67.09090000 40.81820000
76.63640000 40.81820000
4.63636000 40.90910000
4.72727000 40.90910000
12.72730000 40.90910000
28.81820000 40.90910000
59.27270000 40.90910000
66.90910000 40.90910000
67.00000000 40.90910000
76.63640000 40.90910000
4.54545000 41.00000000
4.63636000 41.00000000
12.72730000 41.00000000
28.81820000 41.00000000
59.18180000 41.00000000
59.27270000 41.00000000
66.81820000 41.00000000
66.90910000 41.00000000
76.63640000 41.00000000
4.45455000 41.09090000
4.54545000 41.09090000
12.72730000 41.09090000
12.81820000 41.09090000
28.81820000 41.09090000
59.18180000 41.09090000
66.72730000 41.09090000
66.81820000 41.09090000
76.63640000 41.09090000
4.36364000 41.18180000
4.45455000 41.18180000
12.81820000 41.18180000
28.81820000 41.18180000
59.18180000 41.18180000
66.63640000 41.18180000
66.72730000 41.18180000
76.54550000 41.18180000
76.63640000 41.18180000
4.36364000 41.27270000
12.81820000 41.27270000
12.90910000 41.27270000
28.81820000 41.27270000
59.18180000 41.27270000
66.54550000 41.27270000
66.63640000 41.27270000
76.54550000 41.27270000
4.36364000 41.36360000
12.90910000 41.36360000
28.72730000 41.36360000
28.81820000 41.36360000
59.18180000 41.36360000
66.45450000 41.36360000
66.54550000 41.36360000
76.54550000 41.36360000
4.27273000 41.45450000
4.36364000 41.45450000
12.90910000 41.45450000
28.72730000 41.45450000
59.18180000 41.45450000
66.36360000 41.45450000
66.45450000 41.45450000
76.54550000 41.45450000
4.27273000 41.54550000
12.90910000 41.54550000
13.00000000 41.54550000
28.72730000 41.54550000
59.18180000 41.54550000
66.27270000 41.54550000
66.36360000 41.54550000
76.54550000 41.54550000
4.18182000 41.63640000
4.27273000 41.63640000
13.00000000 41.63640000
28.72730000 41.63640000
59.18180000 41.63640000
66.18180000 41.63640000
66.27270000 41.63640000
76.54550000 41.63640000
4.18182000 41.72730000
13.00000000 41.72730000
28.72730000 41.72730000
59.09090000 41.72730000
59.18180000 41.72730000
66.09090000 41.72730000
66.18180000 41.72730000
76.54550000 41.72730000
4.18182000 41.81820000
13.00000000 41.81820000
13.09090000 41.81820000
28.72730000 41.81820000
59.09090000 41.81820000
66.00000000 41.81820000
66.09090000 41.81820000
76.45450000 41.81820000
76.54550000 41.81820000
4.18182000 41.90910000
13.09090000 41.90910000
28.72730000 41.90910000
59.09090000 41.90910000
65.90910000 41.90910000
66.00000000 41.90910000
76.45450000 41.90910000
4.18182000 42.00000000
13.09090000 42.00000000
28.72730000 42.00000000
59.09090000 42.00000000
65.90910000 42.00000000
76.45450000 42.00000000
4.18182000 42.09090000
13.09090000 42.09090000
13.18180000 42.09090000
28.72730000 42.09090000
59.09090000 42.09090000
65.81820000 42.09090000
65.90910000 42.09090000
76.45450000 42.09090000
4.09091000 42.18180000
4.18182000 42.18180000
13.18180000 42.18180000
28.63640000 42.18180000
28.72730000 42.18180000
59.09090000 42.18180000
65.81820000 42.18180000
76.45450000 42.18180000
4.09091000 42.27270000
13.18180000 42.27270000
13.27270000 42.27270000
28.63640000 42.27270000
59.00000000 42.27270000
59.09090000 42.27270000
65.72730000 42.27270000
65.81820000 42.27270000
76.36360000 42.27270000
76.45450000 42.27270000
4.09091000 42.36360000
13.27270000 42.36360000
28.63640000 42.36360000
59.00000000 42.36360000
65.72730000 42.36360000
76.36360000 42.36360000
4.09091000 42.45450000
13.27270000 42.45450000
28.63640000 42.45450000
59.00000000 42.45450000
65.63640000 42.45450000
65.72730000 42.45450000
76.36360000 42.45450000
76.45450000 42.45450000
4.09091000 42.54550000
13.27270000 42.54550000
13.36360000 42.54550000
28.63640000 42.54550000
59.00000000 42.54550000
65.63640000 42.54550000
76.45450000 42.54550000
4.09091000 42.63640000
13.36360000 42.63640000
28.63640000 42.63640000
59.00000000 42.63640000
65.63640000 42.63640000
76.45450000 42.63640000
4.09091000 42.72730000
4.18182000 42.72730000
13.36360000 42.72730000
13.45450000 42.72730000
28.63640000 42.72730000
59.00000000 42.72730000
65.54550000 42.72730000
65.63640000 42.72730000
76.45450000 42.72730000
76.54550000 42.72730000
4.18182000 42.81820000
13.45450000 42.81820000
28.63640000 42.81820000
58.90910000 42.81820000
59.00000000 42.81820000
65.54550000 42.81820000
76.54550000 42.81820000
76.63640000 42.81820000
4.18182000 42.90910000
13.45450000 42.90910000
13.54550000 42.90910000
28.63640000 42.90910000
58.90910000 42.90910000
65.54550000 42.90910000
76.63640000 42.90910000
76.72730000 42.90910000
76.81820000 42.90910000
76.90910000 42.90910000
4.18182000 43.00000000
13.54550000 43.00000000
28.63640000 43.00000000
58.90910000 43.00000000
65.54550000 43.00000000
76.90910000 43.00000000
77.00000000 43.00000000
77.09090000 43.00000000
4.18182000 43.09090000
13.54550000 43.09090000
13.63640000 43.09090000
28.63640000 43.09090000
58.90910000 43.09090000
65.45450000 43.09090000
65.54550000 43.09090000
77.09090000 43.09090000
77.18180000 43.09090000
77.27270000 43.09090000
4.18182000 43.18180000
13.63640000 43.18180000
28.54550000 43.18180000
28.63640000 43.18180000
58.90910000 43.18180000
65.45450000 43.18180000
77.27270000 43.18180000
77.36360000 43.18180000
4.18182000 43.27270000
13.63640000 43.27270000
28.54550000 43.27270000
58.81820000 43.27270000
58.90910000 43.27270000
65.45450000 43.27270000
77.36360000 43.27270000
77.45450000 43.27270000
4.18182000 43.36360000
13.63640000 43.36360000
13.72730000 43.36360000
28.54550000 43.36360000
58.81820000 43.36360000
65.45450000 43.36360000
77.45450000 43.36360000
4.18182000 43.45450000
13.72730000 43.45450000
28.54550000 43.45450000
58.81820000 43.45450000
65.36360000 43.45450000
65.45450000 43.45450000
77.45450000 43.45450000
77.54550000 43.45450000
4.18182000 43.54550000
13.72730000 43.54550000
13.81820000 43.54550000
28.54550000 43.54550000
58.81820000 43.54550000
65.36360000 43.54550000
77.54550000 43.54550000
4.18182000 43.63640000
13.81820000 43.63640000
28.54550000 43.63640000
58.81820000 43.63640000
65.36360000 43.63640000
77.54550000 43.63640000
4.18182000 43.72730000
13.81820000 43.72730000
13.90910000 43.72730000
28.54550000 43.72730000
58.81820000 43.72730000
65.09090000 43.72730000
65.18180000 43.72730000
65.27270000 43.72730000
65.36360000 43.72730000
77.54550000 43.72730000
4.18182000 43.81820000
13.90910000 43.81820000
28.54550000 43.81820000
58.81820000 43.81820000
64.81820000 43.81820000
64.90910000 43.81820000
65.00000000 43.81820000
65.09090000 43.81820000
77.54550000 43.81820000
4.18182000 43.90910000
13.90910000 43.90910000
28.54550000 43.90910000
58.81820000 43.90910000
64.54550000 43.90910000
64.63640000 43.90910000
64.72730000 43.90910000
64.81820000 43.90910000
77.54550000 43.90910000
4.18182000 44.00000000
13.90910000 44.00000000
14.00000000 44.00000000
28.54550000 44.00000000
58.81820000 44.00000000
64.27270000 44.00000000
64.36360000 44.00000000
64.45450000 44.00000000
64.54550000 44.00000000
77.54550000 44.00000000
4.18182000 44.09090000
14.00000000 44.09090000
28.54550000 44.09090000
58.81820000 44.09090000
64.09090000 44.09090000
64.18180000 44.09090000
64.27270000 44.09090000
77.54550000 44.09090000
4.18182000 44.18180000
14.00000000 44.18180000
14.09090000 44.18180000
28.45450000 44.18180000
28.54550000 44.18180000
58.81820000 44.18180000
63.90910000 44.18180000
64.00000000 44.18180000
64.09090000 44.18180000
77.45450000 44.18180000
77.54550000 44.18180000
4.18182000 44.27270000
14.09090000 44.27270000
28.45450000 44.27270000
58.81820000 44.27270000
63.72730000 44.27270000
63.81820000 44.27270000
63.90910000 44.27270000
77.45450000 44.27270000
77.54550000 44.27270000
4.09091000 44.36360000
4.18182000 44.36360000
14.09090000 44.36360000
28.45450000 44.36360000
58.81820000 44.36360000
63.54550000 44.36360000
63.63640000 44.36360000
63.72730000 44.36360000
77.54550000 44.36360000
4.09091000 44.45450000
14.09090000 44.45450000
28.45450000 44.45450000
58.81820000 44.45450000
63.45450000 44.45450000
63.54550000 44.45450000
77.54550000 44.45450000
77.63640000 44.45450000
4.09091000 44.54550000
14.09090000 44.54550000
28.45450000 44.54550000
58.81820000 44.54550000
63.36360000 44.54550000
63.45450000 44.54550000
77.63640000 44.54550000
77.72730000 44.54550000
4.09091000 44.63640000
14.09090000 44.63640000
28.45450000 44.63640000
58.81820000 44.63640000
63.27270000 44.63640000
63.36360000 44.63640000
77.72730000 44.63640000
77.81820000 44.63640000
4.09091000 44.72730000
14.09090000 44.72730000
14.18180000 44.72730000
28.45450000 44.72730000
58.81820000 44.72730000
63.09090000 44.72730000
63.18180000 44.72730000
63.27270000 44.72730000
77.81820000 44.72730000
77.90910000 44.72730000
78.00000000 44.72730000
4.09091000 44.81820000
14.18180000 44.81820000
28.45450000 44.81820000
58.72730000 44.81820000
58.81820000 44.81820000
63.00000000 44.81820000
63.09090000 44.81820000
78.00000000 44.81820000
78.09090000 44.81820000
4.09091000 44.90910000
4.18182000 44.90910000
14.18180000 44.90910000
28.45450000 44.90910000
58.72730000 44.90910000
62.90910000 44.90910000
63.00000000 44.90910000
78.09090000 44.90910000
78.18180000 44.90910000
4.18182000 45.00000000
14.18180000 45.00000000
28.45450000 45.00000000
58.72730000 45.00000000
62.81820000 45.00000000
62.90910000 45.00000000
78.18180000 45.00000000
78.27270000 45.00000000
78.36360000 45.00000000
4.18182000 45.09090000
14.18180000 45.09090000
28.45450000 45.09090000
58.72730000 45.09090000
62.63640000 45.09090000
62.72730000 45.09090000
62.81820000 45.09090000
78.36360000 45.09090000
78.45450000 45.09090000
4.18182000 45.18180000
4.27273000 45.18180000
14.18180000 45.18180000
28.45450000 45.18180000
58.72730000 45.18180000
62.63640000 45.18180000
78.45450000 45.18180000
78.54550000 45.18180000
78.63640000 45.18180000
4.27273000 45.27270000
14.18180000 45.27270000
28.45450000 45.27270000
58.63640000 45.27270000
58.72730000 45.27270000
62.54550000 45.27270000
62.63640000 45.27270000
78.63640000 45.27270000
78.72730000 45.27270000
78.81820000 45.27270000
4.27273000 45.36360000
4.36364000 45.36360000
14.18180000 45.36360000
28.36360000 45.36360000
28.45450000 45.36360000
58.63640000 45.36360000
62.45450000 45.36360000
62.54550000 45.36360000
78.81820000 45.36360000
78.90910000 45.36360000
4.36364000 45.45450000
4.45455000 45.45450000
14.18180000 45.45450000
28.36360000 45.45450000
58.63640000 45.45450000
62.36360000 45.45450000
62.45450000 45.45450000
78.90910000 45.45450000
79.00000000 45.45450000
79.09090000 45.45450000
4.45455000 45.54550000
4.54545000 45.54550000
14.18180000 45.54550000
28.36360000 45.54550000
58.63640000 45.54550000
62.27270000 45.54550000
62.36360000 45.54550000
79.09090000 45.54550000
79.18180000 45.54550000
4.54545000 45.63640000
14.18180000 45.63640000
28.36360000 45.63640000
58.54550000 45.63640000
58.63640000 45.63640000
62.18180000 45.63640000
62.27270000 45.63640000
79.18180000 45.63640000
79.27270000 45.63640000
4.54545000 45.72730000
4.63636000 45.72730000
14.18180000 45.72730000
28.36360000 45.72730000
58.54550000 45.72730000
62.18180000 45.72730000
79.27270000 45.72730000
79.36360000 45.72730000
4.63636000 45.81820000
4.72727000 45.81820000
14.09090000 45.81820000
14.18180000 45.81820000
28.36360000 45.81820000
58.54550000 45.81820000
62.09090000 45.81820000
62.18180000 45.81820000
79.36360000 45.81820000
79.45450000 45.81820000
4.72727000 45.90910000
4.81818000 45.90910000
14.09090000 45.90910000
28.36360000 45.90910000
58.54550000 45.90910000
62.00000000 45.90910000
62.09090000 45.90910000
79.45450000 45.90910000
79.54550000 45.90910000
4.81818000 46.00000000
14.09090000 46.00000000
28.36360000 46.00000000
58.45450000 46.00000000
58.54550000 46.00000000
61.90910000 46.00000000
62.00000000 46.00000000
79.54550000 46.00000000
79.63640000 46.00000000
4.81818000 46.09090000
4.90909000 46.09090000
14.09090000 46.09090000
28.36360000 46.09090000
58.45450000 46.09090000
61.90910000 46.09090000
79.63640000 46.09090000
79.72730000 46.09090000
4.90909000 46.18180000
14.09090000 46.18180000
28.27270000 46.18180000
28.36360000 46.18180000
58.45450000 46.18180000
61.81820000 46.18180000
61.90910000 46.18180000
79.72730000 46.18180000
79.81820000 46.18180000
4.90909000 46.27270000
5.00000000 46.27270000
14.00000000 46.27270000
14.09090000 46.27270000
28.27270000 46.27270000
58.45450000 46.27270000
61.72730000 46.27270000
61.81820000 46.27270000
79.81820000 46.27270000
5.00000000 46.36360000
5.09091000 46.36360000
14.00000000 46.36360000
28.27270000 46.36360000
58.45450000 46.36360000
61.72730000 46.36360000
79.81820000 46.36360000
79.90910000 46.36360000
5.09091000 46.45450000
14.00000000 46.45450000
28.27270000 46.45450000
58.36360000 46.45450000
58.45450000 46.45450000
61.63640000 46.45450000
61.72730000 46.45450000
79.90910000 46.45450000
5.09091000 46.54550000
5.18182000 46.54550000
13.90910000 46.54550000
14.00000000 46.54550000
28.27270000 46.54550000
58.36360000 46.54550000
61.63640000 46.54550000
79.90910000 46.54550000
80.00000000 46.54550000
5.18182000 46.63640000
13.90910000 46.63640000
28.18180000 46.63640000
28.27270000 46.63640000
58.36360000 46.63640000
61.54550000 46.63640000
61.63640000 46.63640000
80.00000000 46.63640000
5.18182000 46.72730000
5.27273000 46.72730000
13.81820000 46.72730000
13.90910000 46.72730000
28.18180000 46.72730000
58.36360000 46.72730000
61.54550000 46.72730000
80.00000000 46.72730000
80.09090000 46.72730000
5.27273000 46.81820000
5.36364000 46.81820000
13.81820000 46.81820000
28.18180000 46.81820000
58.36360000 46.81820000
61.45450000 46.81820000
61.54550000 46.81820000
80.09090000 46.81820000
5.36364000 46.90910000
13.72730000 46.90910000
13.81820000 46.90910000
28.09090000 46.90910000
28.18180000 46.90910000
58.36360000 46.90910000
61.36360000 46.90910000
61.45450000 46.90910000
80.09090000 46.90910000
5.36364000 47.00000000
5.45455000 47.00000000
13.72730000 47.00000000
28.09090000 47.00000000
58.36360000 47.00000000
61.36360000 47.00000000
80.09090000 47.00000000
80.18180000 47.00000000
5.45455000 47.09090000
5.54545000 47.09090000
13.63640000 47.09090000
13.72730000 47.09090000
28.09090000 47.09090000
58.36360000 47.09090000
61.27270000 47.09090000
61.36360000 47.09090000
80.18180000 47.09090000
5.54545000 47.18180000
5.63636000 47.18180000
13.54550000 47.18180000
13.63640000 47.18180000
28.00000000 47.18180000
28.09090000 47.18180000
58.36360000 47.18180000
61.27270000 47.18180000
80.18180000 47.18180000
80.27270000 47.18180000
5.63636000 47.27270000
5.72727000 47.27270000
13.54550000 47.27270000
28.00000000 47.27270000
58.36360000 47.27270000
61.18180000 47.27270000
61.27270000 47.27270000
80.27270000 47.27270000
5.72727000 47.36360000
5.81818000 47.36360000
13.45450000 47.36360000
13.54550000 47.36360000
28.00000000 47.36360000
58.36360000 47.36360000
61.18180000 47.36360000
80.27270000 47.36360000
5.81818000 47.45450000
5.90909000 47.45450000
13.36360000 47.45450000
13.45450000 47.45450000
27.90910000 47.45450000
28.00000000 47.45450000
58.36360000 47.45450000
61.18180000 47.45450000
80.27270000 47.45450000
80.36360000 47.45450000
5.90909000 47.54550000
6.00000000 47.54550000
13.27270000 47.54550000
13.36360000 47.54550000
27.81820000 47.54550000
27.90910000 47.54550000
58.36360000 47.54550000
61.09090000 47.54550000
61.18180000 47.54550000
80.36360000 47.54550000
6.00000000 47.63640000
6.09091000 47.63640000
13.18180000 47.63640000
13.27270000 47.63640000
27.81820000 47.63640000
58.36360000 47.63640000
61.09090000 47.63640000
80.36360000 47.63640000
80.45450000 47.63640000
6.09091000 47.72730000
6.18182000 47.72730000
13.09090000 47.72730000
13.18180000 47.72730000
27.81820000 47.72730000
58.36360000 47.72730000
61.00000000 47.72730000
61.09090000 47.72730000
80.45450000 47.72730000
6.18182000 47.81820000
6.27273000 47.81820000
13.09090000 47.81820000
27.81820000 47.81820000
58.36360000 47.81820000
61.00000000 47.81820000
80.45450000 47.81820000
80.54550000 47.81820000
6.27273000 47.90910000
6.36364000 47.90910000
13.00000000 47.90910000
13.09090000 47.90910000
27.81820000 47.90910000
27.90910000 47.90910000
58.36360000 47.90910000
61.00000000 47.90910000
80.54550000 47.90910000
6.36364000 48.00000000
6.45455000 48.00000000
6.54545000 48.00000000
13.00000000 48.00000000
27.90910000 48.00000000
58.36360000 48.00000000
60.90910000 48.00000000
61.00000000 48.00000000
80.54550000 48.00000000
80.63640000 48.00000000
6.54545000 48.09090000
6.63636000 48.09090000
13.00000000 48.09090000
27.81820000 48.09090000
27.90910000 48.09090000
58.36360000 48.09090000
60.90910000 48.09090000
80.63640000 48.09090000
80.72730000 48.09090000
6.63636000 48.18180000
6.72727000 48.18180000
13.00000000 48.18180000
27.81820000 48.18180000
58.36360000 48.18180000
60.81820000 48.18180000
60.90910000 48.18180000
80.72730000 48.18180000
6.72727000 48.27270000
6.81818000 48.27270000
6.90909000 48.27270000
13.00000000 48.27270000
13.09090000 48.27270000
27.72730000 48.27270000
27.81820000 48.27270000
58.36360000 48.27270000
60.81820000 48.27270000
80.72730000 48.27270000
80.81820000 48.27270000
6.90909000 48.36360000
7.00000000 48.36360000
7.09091000 48.36360000
13.09090000 48.36360000
27.72730000 48.36360000
58.36360000 48.36360000
60.81820000 48.36360000
80.81820000 48.36360000
80.90910000 48.36360000
7.09091000 48.45450000
7.18182000 48.45450000
13.09090000 48.45450000
27.63640000 48.45450000
27.72730000 48.45450000
58.36360000 48.45450000
60.72730000 48.45450000
60.81820000 48.45450000
80.90910000 48.45450000
7.18182000 48.54550000
7.27273000 48.54550000
7.36364000 48.54550000
13.09090000 48.54550000
13.18180000 48.54550000
27.54550000 48.54550000
27.63640000 48.54550000
58.36360000 48.54550000
60.72730000 48.54550000
80.90910000 48.54550000
81.00000000 48.54550000
7.36364000 48.63640000
7.45455000 48.63640000
13.18180000 48.63640000
13.27270000 48.63640000
27.45450000 48.63640000
27.54550000 48.63640000
58.27270000 48.63640000
58.36360000 48.63640000
60.63640000 48.63640000
60.72730000 48.63640000
81.00000000 48.63640000
81.09090000 48.63640000
7.45455000 48.72730000
7.54545000 48.72730000
13.27270000 48.72730000
27.36360000 48.72730000
27.45450000 48.72730000
58.27270000 48.72730000
60.63640000 48.72730000
81.09090000 48.72730000
81.18180000 48.72730000
7.54545000 48.81820000
7.63636000 48.81820000
13.27270000 48.81820000
13.36360000 48.81820000
27.27270000 48.81820000
27.36360000 48.81820000
58.27270000 48.81820000
60.63640000 48.81820000
81.18180000 48.81820000
7.63636000 48.90910000
7.72727000 48.90910000
13.36360000 48.90910000
27.18180000 48.90910000
27.27270000 48.90910000
58.27270000 48.90910000
60.54550000 48.90910000
60.63640000 48.90910000
81.18180000 48.90910000
81.27270000 48.90910000
7.72727000 49.00000000
7.81818000 49.00000000
13.36360000 49.00000000
13.45450000 49.00000000
27.09090000 49.00000000
27.18180000 49.00000000
58.27270000 49.00000000
60.54550000 49.00000000
81.27270000 49.00000000
81.36360000 49.00000000
7.81818000 49.09090000
13.45450000 49.09090000
13.54550000 49.09090000
27.09090000 49.09090000
58.27270000 49.09090000
60.45450000 49.09090000
60.54550000 49.09090000
81.36360000 49.09090000
81.45450000 49.09090000
7.81818000 49.18180000
13.54550000 49.18180000
27.00000000 49.18180000
27.09090000 49.18180000
58.27270000 49.18180000
60.45450000 49.18180000
81.45450000 49.18180000
7.81818000 49.27270000
13.54550000 49.27270000
13.63640000 49.27270000
27.00000000 49.27270000
58.27270000 49.27270000
60.45450000 49.27270000
81.45450000 49.27270000
81.54550000 49.27270000
7.72727000 49.36360000
7.81818000 49.36360000
13.63640000 49.36360000
13.72730000 49.36360000
26.90910000 49.36360000
27.00000000 49.36360000
58.27270000 49.36360000
60.36360000 49.36360000
60.45450000 49.36360000
81.54550000 49.36360000
81.63640000 49.36360000
7.63636000 49.45450000
7.72727000 49.45450000
13.72730000 49.45450000
13.81820000 49.45450000
26.90910000 49.45450000
58.27270000 49.45450000
60.36360000 49.45450000
81.63640000 49.45450000
81.72730000 49.45450000
7.63636000 49.54550000
13.81820000 49.54550000
13.90910000 49.54550000
26.81820000 49.54550000
26.90910000 49.54550000
58.27270000 49.54550000
60.27270000 49.54550000
60.36360000 49.54550000
81.72730000 49.54550000
81.81820000 49.54550000
7.54545000 49.63640000
7.63636000 49.63640000
13.90910000 49.63640000
14.00000000 49.63640000
14.09090000 49.63640000
26.72730000 49.63640000
26.81820000 49.63640000
58.27270000 49.63640000
60.27270000 49.63640000
81.81820000 49.63640000
7.45455000 49.72730000
7.54545000 49.72730000
14.09090000 49.72730000
14.18180000 49.72730000
14.27270000 49.72730000
14.36360000 49.72730000
14.45450000 49.72730000
26.72730000 49.72730000
58.27270000 49.72730000
60.27270000 49.72730000
81.81820000 49.72730000
81.90910000 49.72730000
7.36364000 49.81820000
7.45455000 49.81820000
14.45450000 49.81820000
14.54550000 49.81820000
14.63640000 49.81820000
14.72730000 49.81820000
14.81820000 49.81820000
14.90910000 49.81820000
15.00000000 49.81820000
26.63640000 49.81820000
26.72730000 49.81820000
58.27270000 49.81820000
60.18180000 49.81820000
60.27270000 49.81820000
81.90910000 49.81820000
82.00000000 49.81820000
7.27273000 49.90910000
7.36364000 49.90910000
15.00000000 49.90910000
15.09090000 49.90910000
15.18180000 49.90910000
15.27270000 49.90910000
15.36360000 49.90910000
15.45450000 49.90910000
15.54550000 49.90910000
26.54550000 49.90910000
26.63640000 49.90910000
58.27270000 49.90910000
60.18180000 49.90910000
82.00000000 49.90910000
82.09090000 49.90910000
7.18182000 50.00000000
7.27273000 50.00000000
15.54550000 50.00000000
15.63640000 50.00000000
15.72730000 50.00000000
15.81820000 50.00000000
15.90910000 50.00000000
16.00000000 50.00000000
26.54550000 50.00000000
58.27270000 50.00000000
60.09090000 50.00000000
60.18180000 50.00000000
82.09090000 50.00000000
7.09091000 50.09090000
7.18182000 50.09090000
16.00000000 50.09090000
16.09090000 50.09090000
16.18180000 50.09090000
16.27270000 50.09090000
16.36360000 50.09090000
26.54550000 50.09090000
26.63640000 50.09090000
58.27270000 50.09090000
58.36360000 50.09090000
60.09090000 50.09090000
82.09090000 50.09090000
82.18180000 50.09090000
6.90909000 50.18180000
7.00000000 50.18180000
7.09091000 50.18180000
16.36360000 50.18180000
16.45450000 50.18180000
16.54550000 50.18180000
16.63640000 50.18180000
26.63640000 50.18180000
58.36360000 50.18180000
60.00000000 50.18180000
60.09090000 50.18180000
82.18180000 50.18180000
82.27270000 50.18180000
6.81818000 50.27270000
6.90909000 50.27270000
16.63640000 50.27270000
16.72730000 50.27270000
16.81820000 50.27270000
16.90910000 50.27270000
26.63640000 50.27270000
26.72730000 50.27270000
58.36360000 50.27270000
60.00000000 50.27270000
82.27270000 50.27270000
82.36360000 50.27270000
6.72727000 50.36360000
6.81818000 50.36360000
16.90910000 50.36360000
17.00000000 50.36360000
17.09090000 50.36360000
26.72730000 50.36360000
26.81820000 50.36360000
58.36360000 50.36360000
59.90910000 50.36360000
60.00000000 50.36360000
82.36360000 50.36360000
6.54545000 50.45450000
6.63636000 50.45450000
6.72727000 50.45450000
17.09090000 50.45450000
17.18180000 50.45450000
17.27270000 50.45450000
26.81820000 50.45450000
58.36360000 50.45450000
59.90910000 50.45450000
82.36360000 50.45450000
82.45450000 50.45450000
6.45455000 50.54550000
6.54545000 50.54550000
17.27270000 50.54550000
17.36360000 50.54550000
17.45450000 50.54550000
26.81820000 50.54550000
26.90910000 50.54550000
58.36360000 50.54550000
58.45450000 50.54550000
59.81820000 50.54550000
59.90910000 50.54550000
82.45450000 50.54550000
82.54550000 50.54550000
6.27273000 50.63640000
6.36364000 50.63640000
6.45455000 50.63640000
17.45450000 50.63640000
17.54550000 50.63640000
17.63640000 50.63640000
26.90910000 50.63640000
27.00000000 50.63640000
58.45450000 50.63640000
59.81820000 50.63640000
82.54550000 50.63640000
82.63640000 50.63640000
6.18182000 50.72730000
6.27273000 50.72730000
17.63640000 50.72730000
17.72730000 50.72730000
27.00000000 50.72730000
27.09090000 50.72730000
58.45450000 50.72730000
59.72730000 50.72730000
59.81820000 50.72730000
82.63640000 50.72730000
6.00000000 50.81820000
6.09091000 50.81820000
6.18182000 50.81820000
17.72730000 50.81820000
17.81820000 50.81820000
17.90910000 50.81820000
27.09090000 50.81820000
27.18180000 50.81820000
58.45450000 50.81820000
59.72730000 50.81820000
82.63640000 50.81820000
82.72730000 50.81820000
5.81818000 50.90910000
5.90909000 50.90910000
6.00000000 50.90910000
17.90910000 50.90910000
18.00000000 50.90910000
27.18180000 50.90910000
27.27270000 50.90910000
33.27270000 50.90910000
33.36360000 50.90910000
58.45450000 50.90910000
58.54550000 50.90910000
59.72730000 50.90910000
82.72730000 50.90910000
82.81820000 50.90910000
5.63636000 51.00000000
5.72727000 51.00000000
5.81818000 51.00000000
18.00000000 51.00000000
18.09090000 51.00000000
27.27270000 51.00000000
27.36360000 51.00000000
33.18180000 51.00000000
33.27270000 51.00000000
33.36360000 51.00000000
58.54550000 51.00000000
59.63640000 51.00000000
59.72730000 51.00000000
82.81820000 51.00000000
82.90910000 51.00000000
5.54545000 51.09090000
5.63636000 51.09090000
18.09090000 51.09090000
18.18180000 51.09090000
27.36360000 51.09090000
27.45450000 51.09090000
33.09090000 51.09090000
33.18180000 51.09090000
33.36360000 51.09090000
58.54550000 51.09090000
59.63640000 51.09090000
82.90910000 51.09090000
5.36364000 51.18180000
5.45455000 51.18180000
5.54545000 51.18180000
18.18180000 51.18180000
18.27270000 51.18180000
27.45450000 51.18180000
27.54550000 51.18180000
33.00000000 51.18180000
33.09090000 51.18180000
33.36360000 51.18180000
58.54550000 51.18180000
59.54550000 51.18180000
59.63640000 51.18180000
82.90910000 51.18180000
83.00000000 51.18180000
5.18182000 51.27270000
5.27273000 51.27270000
5.36364000 51.27270000
18.27270000 51.27270000
18.36360000 51.27270000
18.45450000 51.27270000
27.54550000 51.27270000
27.63640000 51.27270000
32.90910000 51.27270000
33.00000000 51.27270000
33.36360000 51.27270000
58.54550000 51.27270000
58.63640000 51.27270000
59.54550000 51.27270000
83.00000000 51.27270000
83.09090000 51.27270000
5.00000000 51.36360000
5.09091000 51.36360000
5.18182000 51.36360000
18.45450000 51.36360000
18.54550000 51.36360000
27.63640000 51.36360000
32.81820000 51.36360000
32.90910000 51.36360000
33.36360000 51.36360000
58.63640000 51.36360000
59.45450000 51.36360000
59.54550000 51.36360000
83.09090000 51.36360000
4.81818000 51.45450000
4.90909000 51.45450000
5.00000000 51.45450000
18.54550000 51.45450000
18.63640000 51.45450000
27.63640000 51.45450000
27.72730000 51.45450000
32.81820000 51.45450000
33.36360000 51.45450000
58.63640000 51.45450000
59.45450000 51.45450000
83.09090000 51.45450000
83.18180000 51.45450000
4.72727000 51.54550000
4.81818000 51.54550000
18.63640000 51.54550000
18.72730000 51.54550000
27.72730000 51.54550000
32.72730000 51.54550000
32.81820000 51.54550000
33.36360000 51.54550000
58.63640000 51.54550000
59.36360000 51.54550000
59.45450000 51.54550000
83.18180000 51.54550000
83.27270000 51.54550000
4.54545000 51.63640000
4.63636000 51.63640000
4.72727000 51.63640000
18.72730000 51.63640000
18.81820000 51.63640000
27.72730000 51.63640000
32.63640000 51.63640000
32.72730000 51.63640000
33.36360000 51.63640000
33.45450000 51.63640000
58.63640000 51.63640000
59.36360000 51.63640000
83.27270000 51.63640000
4.45455000 51.72730000
4.54545000 51.72730000
18.81820000 51.72730000
18.90910000 51.72730000
27.72730000 51.72730000
32.54550000 51.72730000
32.63640000 51.72730000
33.45450000 51.72730000
58.63640000 51.72730000
59.27270000 51.72730000
59.36360000 51.72730000
83.27270000 51.72730000
83.36360000 51.72730000
4.27273000 51.81820000
4.36364000 51.81820000
4.45455000 51.81820000
18.90910000 51.81820000
19.00000000 51.81820000
27.72730000 51.81820000
32.45450000 51.81820000
32.54550000 51.81820000
33.45450000 51.81820000
58.63640000 51.81820000
59.27270000 51.81820000
83.36360000 51.81820000
4.18182000 51.90910000
4.27273000 51.90910000
19.00000000 51.90910000
19.09090000 51.90910000
27.72730000 51.90910000
32.18180000 51.90910000
32.27270000 51.90910000
32.36360000 51.90910000
32.45450000 51.90910000
33.45450000 51.90910000
58.54550000 51.90910000
58.63640000 51.90910000
59.18180000 51.90910000
59.27270000 51.90910000
83.36360000 51.90910000
83.45450000 51.90910000
4.09091000 52.00000000
4.18182000 52.00000000
19.09090000 52.00000000
19.18180000 52.00000000
27.72730000 52.00000000
31.90910000 52.00000000
32.00000000 52.00000000
32.09090000 52.00000000
32.18180000 52.00000000
33.45450000 52.00000000
58.54550000 52.00000000
59.18180000 52.00000000
83.45450000 52.00000000
83.54550000 52.00000000
3.90909000 52.09090000
4.00000000 52.09090000
4.09091000 52.09090000
19.18180000 52.09090000
19.27270000 52.09090000
27.72730000 52.09090000
31.45450000 52.09090000
31.54550000 52.09090000
31.63640000 52.09090000
31.72730000 52.09090000
31.81820000 52.09090000
31.90910000 52.09090000
33.45450000 52.09090000
58.45450000 52.09090000
58.54550000 52.09090000
59.09090000 52.09090000
59.18180000 52.09090000
83.54550000 52.09090000
3.81818000 52.18180000
3.90909000 52.18180000
19.27270000 52.18180000
19.36360000 52.18180000
27.72730000 52.18180000
31.36360000 52.18180000
31.45450000 52.18180000
33.45450000 52.18180000
58.27270000 52.18180000
58.36360000 52.18180000
58.45450000 52.18180000
59.09090000 52.18180000
83.54550000 52.18180000
83.63640000 52.18180000
3.72727000 52.27270000
3.81818000 52.27270000
19.36360000 52.27270000
19.45450000 52.27270000
27.72730000 52.27270000
31.27270000 52.27270000
31.36360000 52.27270000
33.45450000 52.27270000
57.00000000 52.27270000
57.09090000 52.27270000
57.18180000 52.27270000
57.27270000 52.27270000
57.36360000 52.27270000
57.45450000 52.27270000
57.54550000 52.27270000
57.63640000 52.27270000
57.72730000 52.27270000
57.81820000 52.27270000
57.90910000 52.27270000
58.00000000 52.27270000
58.09090000 52.27270000
58.18180000 52.27270000
58.27270000 52.27270000
59.00000000 52.27270000
59.09090000 52.27270000
83.63640000 52.27270000
3.63636000 52.36360000
3.72727000 52.36360000
19.45450000 52.36360000
19.54550000 52.36360000
27.72730000 52.36360000
31.27270000 52.36360000
33.45450000 52.36360000
57.00000000 52.36360000
59.00000000 52.36360000
83.63640000 52.36360000
83.72730000 52.36360000
3.54546000 52.45450000
3.63636000 52.45450000
19.54550000 52.45450000
27.72730000 52.45450000
31.27270000 52.45450000
33.45450000 52.45450000
57.00000000 52.45450000
58.90910000 52.45450000
59.00000000 52.45450000
83.72730000 52.45450000
3.45454000 52.54550000
3.54546000 52.54550000
19.54550000 52.54550000
19.63640000 52.54550000
27.72730000 52.54550000
31.27270000 52.54550000
33.45450000 52.54550000
57.00000000 52.54550000
58.90910000 52.54550000
83.72730000 52.54550000
83.81820000 52.54550000
3.36364000 52.63640000
3.45454000 52.63640000
19.63640000 52.63640000
19.72730000 52.63640000
27.72730000 52.63640000
31.27270000 52.63640000
33.45450000 52.63640000
57.00000000 52.63640000
58.81820000 52.63640000
58.90910000 52.63640000
83.81820000 52.63640000
83.90910000 52.63640000
3.27273000 52.72730000
3.36364000 52.72730000
19.72730000 52.72730000
19.81820000 52.72730000
27.72730000 52.72730000
31.27270000 52.72730000
33.45450000 52.72730000
57.00000000 52.72730000
58.81820000 52.72730000
83.90910000 52.72730000
3.18182000 52.81820000
3.27273000 52.81820000
19.81820000 52.81820000
19.90910000 52.81820000
27.72730000 52.81820000
31.27270000 52.81820000
33.36360000 52.81820000
33.45450000 52.81820000
57.00000000 52.81820000
58.72730000 52.81820000
58.81820000 52.81820000
83.90910000 52.81820000
84.00000000 52.81820000
3.09091000 52.90910000
3.18182000 52.90910000
19.90910000 52.90910000
27.72730000 52.90910000
31.27270000 52.90910000
33.36360000 52.90910000
56.90910000 52.90910000
57.00000000 52.90910000
58.72730000 52.90910000
84.00000000 52.90910000
3.00000000 53.00000000
3.09091000 53.00000000
19.90910000 53.00000000
20.00000000 53.00000000
27.63640000 53.00000000
27.72730000 53.00000000
31.27270000 53.00000000
31.36360000 53.00000000
33.36360000 53.00000000
56.90910000 53.00000000
58.63640000 53.00000000
58.72730000 53.00000000
84.00000000 53.00000000
84.09090000 53.00000000
2.90909000 53.09090000
3.00000000 53.09090000
20.00000000 53.09090000
20.09090000 53.09090000
27.63640000 53.09090000
31.36360000 53.09090000
33.36360000 53.09090000
56.90910000 53.09090000
58.63640000 53.09090000
84.09090000 53.09090000
2.81818000 53.18180000
2.90909000 53.18180000
20.09090000 53.18180000
20.18180000 53.18180000
27.63640000 53.18180000
31.36360000 53.18180000
33.36360000 53.18180000
56.90910000 53.18180000
58.54550000 53.18180000
58.63640000 53.18180000
84.09090000 53.18180000
84.18180000 53.18180000
2.81818000 53.27270000
20.18180000 53.27270000
27.63640000 53.27270000
31.36360000 53.27270000
33.36360000 53.27270000
56.90910000 53.27270000
58.54550000 53.27270000
84.18180000 53.27270000
84.27270000 53.27270000
2.72727000 53.36360000
2.81818000 53.36360000
20.18180000 53.36360000
20.27270000 53.36360000
27.63640000 53.36360000
31.36360000 53.36360000
31.45450000 53.36360000
33.36360000 53.36360000
56.90910000 53.36360000
58.45450000 53.36360000
58.54550000 53.36360000
84.27270000 53.36360000
2.63636000 53.45450000
2.72727000 53.45450000
20.27270000 53.45450000
20.36360000 53.45450000
27.63640000 53.45450000
31.45450000 53.45450000
33.36360000 53.45450000
56.90910000 53.45450000
58.45450000 53.45450000
84.27270000 53.45450000
2.54546000 53.54550000
2.63636000 53.54550000
20.36360000 53.54550000
20.45450000 53.54550000
27.63640000 53.54550000
31.45450000 53.54550000
33.36360000 53.54550000
56.90910000 53.54550000
58.36360000 53.54550000
58.45450000 53.54550000
84.27270000 53.54550000
84.36360000 53.54550000
2.54546000 53.63640000
20.45450000 53.63640000
27.63640000 53.63640000
31.45450000 53.63640000
33.36360000 53.63640000
56.81820000 53.63640000
56.90910000 53.63640000
58.36360000 53.63640000
84.36360000 53.63640000
2.45454000 53.72730000
2.54546000 53.72730000
20.45450000 53.72730000
20.54550000 53.72730000
27.54550000 53.72730000
27.63640000 53.72730000
31.45450000 53.72730000
31.54550000 53.72730000
33.36360000 53.72730000
56.81820000 53.72730000
58.27270000 53.72730000
58.36360000 53.72730000
84.36360000 53.72730000
2.36364000 53.81820000
2.45454000 53.81820000
20.54550000 53.81820000
20.63640000 53.81820000
27.54550000 53.81820000
31.54550000 53.81820000
33.27270000 53.81820000
33.36360000 53.81820000
56.81820000 53.81820000
58.27270000 53.81820000
84.36360000 53.81820000
84.45450000 53.81820000
2.36364000 53.90910000
20.63640000 53.90910000
27.54550000 53.90910000
31.54550000 53.90910000
33.27270000 53.90910000
56.81820000 53.90910000
58.18180000 53.90910000
58.27270000 53.90910000
84.45450000 53.90910000
2.27273000 54.00000000
2.36364000 54.00000000
20.63640000 54.00000000
20.72730000 54.00000000
27.54550000 54.00000000
31.54550000 54.00000000
33.27270000 54.00000000
56.81820000 54.00000000
58.18180000 54.00000000
84.45450000 54.00000000
2.18182000 54.09090000
2.27273000 54.09090000
20.72730000 54.09090000
20.81820000 54.09090000
27.45450000 54.09090000
27.54550000 54.09090000
31.54550000 54.09090000
31.63640000 54.09090000
33.27270000 54.09090000
56.72730000 54.09090000
56.81820000 54.09090000
58.18180000 54.09090000
84.45450000 54.09090000
2.18182000 54.18180000
20.81820000 54.18180000
27.45450000 54.18180000
31.63640000 54.18180000
33.27270000 54.18180000
56.72730000 54.18180000
58.18180000 54.18180000
84.45450000 54.18180000
2.09091000 54.27270000
2.18182000 54.27270000
20.81820000 54.27270000
20.90910000 54.27270000
27.45450000 54.27270000
31.63640000 54.27270000
33.27270000 54.27270000
56.72730000 54.27270000
58.18180000 54.27270000
58.27270000 54.27270000
58.36360000 54.27270000
58.45450000 54.27270000
84.45450000 54.27270000
2.09091000 54.36360000
20.90910000 54.36360000
21.00000000 54.36360000
27.36360000 54.36360000
27.45450000 54.36360000
31.63640000 54.36360000
33.27270000 54.36360000
56.72730000 54.36360000
58.45450000 54.36360000
58.54550000 54.36360000
58.63640000 54.36360000
58.72730000 54.36360000
84.45450000 54.36360000
2.00000000 54.45450000
2.09091000 54.45450000
21.00000000 54.45450000
27.36360000 54.45450000
31.63640000 54.45450000
31.72730000 54.45450000
33.18180000 54.45450000
33.27270000 54.45450000
56.72730000 54.45450000
58.72730000 54.45450000
58.81820000 54.45450000
58.90910000 54.45450000
59.00000000 54.45450000
84.45450000 54.45450000
84.54550000 54.45450000
2.00000000 54.54550000
21.00000000 54.54550000
21.09090000 54.54550000
27.36360000 54.54550000
31.72730000 54.54550000
33.18180000 54.54550000
56.72730000 54.54550000
59.00000000 54.54550000
59.09090000 54.54550000
59.18180000 54.54550000
59.27270000 54.54550000
84.45450000 54.54550000
84.54550000 54.54550000
1.90909000 54.63640000
2.00000000 54.63640000
21.09090000 54.63640000
21.18180000 54.63640000
27.27270000 54.63640000
27.36360000 54.63640000
31.72730000 54.63640000
33.18180000 54.63640000
56.72730000 54.63640000
59.27270000 54.63640000
59.36360000 54.63640000
59.45450000 54.63640000
59.54550000 54.63640000
84.45450000 54.63640000
1.90909000 54.72730000
21.18180000 54.72730000
27.27270000 54.72730000
31.72730000 54.72730000
33.09090000 54.72730000
33.18180000 54.72730000
56.72730000 54.72730000
59.54550000 54.72730000
59.63640000 54.72730000
59.72730000 54.72730000
59.81820000 54.72730000
84.45450000 54.72730000
1.90909000 54.81820000
21.18180000 54.81820000
21.27270000 54.81820000
27.18180000 54.81820000
27.27270000 54.81820000
31.72730000 54.81820000
31.81820000 54.81820000
33.09090000 54.81820000
56.72730000 54.81820000
59.81820000 54.81820000
59.90910000 54.81820000
60.00000000 54.81820000
60.09090000 54.81820000
84.45450000 54.81820000
1.81818000 54.90910000
1.90909000 54.90910000
21.27270000 54.90910000
27.18180000 54.90910000
31.81820000 54.90910000
33.09090000 54.90910000
56.72730000 54.90910000
60.09090000 54.90910000
60.18180000 54.90910000
60.27270000 54.90910000
60.36360000 54.90910000
84.45450000 54.90910000
1.81818000 55.00000000
21.27270000 55.00000000
21.36360000 55.00000000
27.09090000 55.00000000
27.18180000 55.00000000
31.81820000 55.00000000
33.00000000 55.00000000
33.09090000 55.00000000
56.72730000 55.00000000
60.36360000 55.00000000
60.45450000 55.00000000
84.45450000 55.00000000
1.81818000 55.09090000
21.36360000 55.09090000
27.09090000 55.09090000
31.81820000 55.09090000
33.00000000 55.09090000
56.72730000 55.09090000
60.45450000 55.09090000
60.54550000 55.09090000
60.63640000 55.09090000
84.36360000 55.09090000
84.45450000 55.09090000
1.72727000 55.18180000
1.81818000 55.18180000
21.36360000 55.18180000
21.45450000 55.18180000
27.09090000 55.18180000
31.81820000 55.18180000
33.00000000 55.18180000
56.72730000 55.18180000
60.63640000 55.18180000
60.72730000 55.18180000
84.36360000 55.18180000
1.72727000 55.27270000
21.45450000 55.27270000
27.00000000 55.27270000
27.09090000 55.27270000
31.81820000 55.27270000
32.90910000 55.27270000
33.00000000 55.27270000
56.72730000 55.27270000
60.72730000 55.27270000
84.27270000 55.27270000
84.36360000 55.27270000
1.72727000 55.36360000
21.45450000 55.36360000
21.54550000 55.36360000
27.00000000 55.36360000
31.81820000 55.36360000
32.90910000 55.36360000
56.72730000 55.36360000
60.72730000 55.36360000
60.81820000 55.36360000
84.27270000 55.36360000
1.72727000 55.45450000
21.54550000 55.45450000
27.00000000 55.45450000
31.81820000 55.45450000
32.90910000 55.45450000
56.72730000 55.45450000
60.81820000 55.45450000
84.27270000 55.45450000
1.63636000 55.54550000
1.72727000 55.54550000
21.54550000 55.54550000
21.63640000 55.54550000
27.00000000 55.54550000
31.81820000 55.54550000
32.90910000 55.54550000
56.72730000 55.54550000
60.81820000 55.54550000
84.18180000 55.54550000
84.27270000 55.54550000
1.63636000 55.63640000
21.63640000 55.63640000
27.00000000 55.63640000
31.72730000 55.63640000
31.81820000 55.63640000
32.90910000 55.63640000
56.72730000 55.63640000
60.81820000 55.63640000
60.90910000 55.63640000
84.18180000 55.63640000
1.63636000 55.72730000
21.63640000 55.72730000
21.72730000 55.72730000
27.00000000 55.72730000
27.09090000 55.72730000
31.72730000 55.72730000
32.90910000 55.72730000
56.72730000 55.72730000
60.90910000 55.72730000
84.09090000 55.72730000
84.18180000 55.72730000
1.63636000 55.81820000
21.72730000 55.81820000
27.00000000 55.81820000
27.09090000 55.81820000
31.72730000 55.81820000
32.81820000 55.81820000
32.90910000 55.81820000
56.72730000 55.81820000
60.72730000 55.81820000
60.81820000 55.81820000
60.90910000 55.81820000
84.09090000 55.81820000
1.63636000 55.90910000
21.72730000 55.90910000
21.81820000 55.90910000
27.00000000 55.90910000
31.63640000 55.90910000
31.72730000 55.90910000
32.81820000 55.90910000
56.72730000 55.90910000
60.54550000 55.90910000
60.63640000 55.90910000
60.72730000 55.90910000
84.09090000 55.90910000
1.54546000 56.00000000
1.63636000 56.00000000
21.81820000 56.00000000
27.00000000 56.00000000
31.63640000 56.00000000
32.81820000 56.00000000
56.72730000 56.00000000
60.27270000 56.00000000
60.36360000 56.00000000
60.45450000 56.00000000
60.54550000 56.00000000
84.00000000 56.00000000
84.09090000 56.00000000
1.54546000 56.09090000
21.81820000 56.09090000
26.90910000 56.09090000
27.00000000 56.09090000
31.63640000 56.09090000
32.81820000 56.09090000
32.90910000 56.09090000
56.72730000 56.09090000
59.90910000 56.09090000
60.00000000 56.09090000
60.09090000 56.09090000
60.18180000 56.09090000
60.27270000 56.09090000
84.00000000 56.09090000
1.54546000 56.18180000
21.81820000 56.18180000
26.90910000 56.18180000
31.63640000 56.18180000
32.90910000 56.18180000
56.72730000 56.18180000
59.63640000 56.18180000
59.72730000 56.18180000
59.81820000 56.18180000
59.90910000 56.18180000
83.90910000 56.18180000
84.00000000 56.18180000
1.54546000 56.27270000
21.81820000 56.27270000
21.90910000 56.27270000
26.90910000 56.27270000
31.63640000 56.27270000
32.90910000 56.27270000
56.72730000 56.27270000
59.18180000 56.27270000
59.27270000 56.27270000
59.36360000 56.27270000
59.45450000 56.27270000
59.54550000 56.27270000
59.63640000 56.27270000
64.27270000 56.27270000
64.36360000 56.27270000
83.90910000 56.27270000
1.54546000 56.36360000
21.90910000 56.36360000
26.81820000 56.36360000
26.90910000 56.36360000
31.63640000 56.36360000
31.72730000 56.36360000
32.90910000 56.36360000
56.63640000 56.36360000
56.72730000 56.36360000
58.72730000 56.36360000
58.81820000 56.36360000
58.90910000 56.36360000
59.00000000 56.36360000
59.09090000 56.36360000
59.18180000 56.36360000
64.18180000 56.36360000
64.27270000 56.36360000
64.36360000 56.36360000
83.90910000 56.36360000
1.54546000 56.45450000
21.90910000 56.45450000
26.81820000 56.45450000
31.72730000 56.45450000
32.90910000 56.45450000
56.63640000 56.45450000
58.18180000 56.45450000
58.27270000 56.45450000
58.36360000 56.45450000
58.45450000 56.45450000
58.54550000 56.45450000
58.63640000 56.45450000
58.72730000 56.45450000
64.09090000 56.45450000
64.18180000 56.45450000
64.36360000 56.45450000
83.81820000 56.45450000
83.90910000 56.45450000
1.45454000 56.54550000
1.54546000 56.54550000
21.90910000 56.54550000
26.72730000 56.54550000
26.81820000 56.54550000
31.72730000 56.54550000
32.90910000 56.54550000
56.63640000 56.54550000
57.54550000 56.54550000
57.63640000 56.54550000
57.72730000 56.54550000
57.81820000 56.54550000
57.90910000 56.54550000
58.00000000 56.54550000
58.09090000 56.54550000
58.18180000 56.54550000
64.09090000 56.54550000
64.36360000 56.54550000
83.81820000 56.54550000
1.45454000 56.63640000
21.90910000 56.63640000
22.00000000 56.63640000
26.72730000 56.63640000
31.72730000 56.63640000
32.90910000 56.63640000
33.00000000 56.63640000
56.63640000 56.63640000
56.72730000 56.63640000
56.81820000 56.63640000
56.90910000 56.63640000
57.00000000 56.63640000
57.09090000 56.63640000
57.18180000 56.63640000
57.27270000 56.63640000
57.36360000 56.63640000
57.45450000 56.63640000
57.54550000 56.63640000
64.00000000 56.63640000
64.09090000 56.63640000
64.27270000 56.63640000
64.36360000 56.63640000
83.81820000 56.63640000
1.45454000 56.72730000
22.00000000 56.72730000
26.72730000 56.72730000
31.72730000 56.72730000
33.00000000 56.72730000
64.00000000 56.72730000
64.27270000 56.72730000
83.72730000 56.72730000
83.81820000 56.72730000
1.45454000 56.81820000
22.00000000 56.81820000
26.63640000 56.81820000
26.72730000 56.81820000
31.72730000 56.81820000
33.00000000 56.81820000
63.90910000 56.81820000
64.00000000 56.81820000
64.27270000 56.81820000
83.72730000 56.81820000
1.45454000 56.90910000
22.00000000 56.90910000
22.09090000 56.90910000
26.63640000 56.90910000
31.72730000 56.90910000
33.00000000 56.90910000
63.90910000 56.90910000
64.27270000 56.90910000
83.72730000 56.90910000
1.36364000 57.00000000
1.45454000 57.00000000
22.09090000 57.00000000
26.63640000 57.00000000
31.72730000 57.00000000
33.00000000 57.00000000
63.81820000 57.00000000
63.90910000 57.00000000
64.27270000 57.00000000
83.72730000 57.00000000
1.36364000 57.09090000
22.09090000 57.09090000
22.18180000 57.09090000
22.27270000 57.09090000
22.36360000 57.09090000
22.45450000 57.09090000
22.54550000 57.09090000
22.63640000 57.09090000
22.72730000 57.09090000
22.81820000 57.09090000
22.90910000 57.09090000
23.00000000 57.09090000
26.54550000 57.09090000
26.63640000 57.09090000
31.72730000 57.09090000
33.00000000 57.09090000
63.81820000 57.09090000
64.27270000 57.09090000
83.72730000 57.09090000
1.36364000 57.18180000
23.00000000 57.18180000
23.09090000 57.18180000
23.18180000 57.18180000
23.27270000 57.18180000
26.45450000 57.18180000
26.54550000 57.18180000
31.72730000 57.18180000
33.00000000 57.18180000
63.72730000 57.18180000
63.81820000 57.18180000
64.27270000 57.18180000
83.72730000 57.18180000
1.36364000 57.27270000
23.27270000 57.27270000
23.36360000 57.27270000
23.45450000 57.27270000
23.54550000 57.27270000
26.45450000 57.27270000
31.63640000 57.27270000
31.72730000 57.27270000
32.90910000 57.27270000
33.00000000 57.27270000
63.72730000 57.27270000
64.18180000 57.27270000
64.27270000 57.27270000
83.72730000 57.27270000
1.36364000 57.36360000
23.54550000 57.36360000
23.63640000 57.36360000
26.36360000 57.36360000
26.45450000 57.36360000
31.63640000 57.36360000
32.90910000 57.36360000
63.63640000 57.36360000
63.72730000 57.36360000
64.18180000 57.36360000
83.63640000 57.36360000
83.72730000 57.36360000
1.36364000 57.45450000
23.63640000 57.45450000
23.72730000 57.45450000
26.36360000 57.45450000
31.63640000 57.45450000
32.90910000 57.45450000
63.63640000 57.45450000
64.18180000 57.45450000
83.63640000 57.45450000
1.36364000 57.54550000
23.72730000 57.54550000
23.81820000 57.54550000
26.18180000 57.54550000
26.27270000 57.54550000
26.36360000 57.54550000
31.54550000 57.54550000
31.63640000 57.54550000
32.90910000 57.54550000
43.63640000 57.54550000
43.72730000 57.54550000
43.81820000 57.54550000
63.63640000 57.54550000
64.18180000 57.54550000
83.63640000 57.54550000
1.36364000 57.63640000
23.81820000 57.63640000
23.90910000 57.63640000
26.00000000 57.63640000
26.09090000 57.63640000
26.18180000 57.63640000
30.72730000 57.63640000
30.81820000 57.63640000
30.90910000 57.63640000
31.00000000 57.63640000
31.45450000 57.63640000
31.54550000 57.63640000
32.81820000 57.63640000
32.90910000 57.63640000
43.54550000 57.63640000
43.63640000 57.63640000
43.81820000 57.63640000
63.54550000 57.63640000
63.63640000 57.63640000
64.18180000 57.63640000
83.63640000 57.63640000
1.27273000 57.72730000
1.36364000 57.72730000
23.90910000 57.72730000
24.00000000 57.72730000
25.81820000 57.72730000
25.90910000 57.72730000
26.00000000 57.72730000
30.63640000 57.72730000
30.72730000 57.72730000
31.00000000 57.72730000
31.09090000 57.72730000
31.18180000 57.72730000
31.27270000 57.72730000
31.36360000 57.72730000
31.45450000 57.72730000
32.81820000 57.72730000
43.45450000 57.72730000
43.54550000 57.72730000
43.81820000 57.72730000
63.54550000 57.72730000
64.18180000 57.72730000
83.63640000 57.72730000
1.27273000 57.81820000
24.00000000 57.81820000
24.09090000 57.81820000
24.18180000 57.81820000
25.36360000 57.81820000
25.45450000 57.81820000
25.54550000 57.81820000
25.63640000 57.81820000
25.72730000 57.81820000
25.81820000 57.81820000
30.63640000 57.81820000
32.81820000 57.81820000
43.36360000 57.81820000
43.45450000 57.81820000
43.81820000 57.81820000
43.90910000 57.81820000
63.45450000 57.81820000
63.54550000 57.81820000
64.18180000 57.81820000
83.63640000 57.81820000
1.27273000 57.90910000
24.18180000 57.90910000
24.27270000 57.90910000
24.36360000 57.90910000
24.45450000 57.90910000
24.54550000 57.90910000
24.63640000 57.90910000
24.72730000 57.90910000
24.81820000 57.90910000
24.90910000 57.90910000
25.00000000 57.90910000
25.09090000 57.90910000
25.18180000 57.90910000
25.27270000 57.90910000
25.36360000 57.90910000
30.54550000 57.90910000
30.63640000 57.90910000
32.72730000 57.90910000
32.81820000 57.90910000
43.36360000 57.90910000
43.90910000 57.90910000
63.45450000 57.90910000
64.18180000 57.90910000
83.63640000 57.90910000
1.27273000 58.00000000
24.54550000 58.00000000
24.63640000 58.00000000
30.54550000 58.00000000
32.72730000 58.00000000
43.27270000 58.00000000
43.36360000 58.00000000
43.90910000 58.00000000
63.36360000 58.00000000
63.45450000 58.00000000
64.09090000 58.00000000
64.18180000 58.00000000
83.63640000 58.00000000
1.27273000 58.09090000
30.54550000 58.09090000
32.72730000 58.09090000
43.27270000 58.09090000
43.90910000 58.09090000
63.36360000 58.09090000
64.09090000 58.09090000
83.63640000 58.09090000
1.27273000 58.18180000
30.45450000 58.18180000
30.54550000 58.18180000
32.63640000 58.18180000
32.72730000 58.18180000
43.18180000 58.18180000
43.27270000 58.18180000
43.90910000 58.18180000
63.27270000 58.18180000
63.36360000 58.18180000
64.09090000 58.18180000
83.54550000 58.18180000
83.63640000 58.18180000
1.27273000 58.27270000
30.45450000 58.27270000
32.63640000 58.27270000
43.18180000 58.27270000
43.90910000 58.27270000
63.18180000 58.27270000
63.27270000 58.27270000
64.09090000 58.27270000
83.54550000 58.27270000
1.27273000 58.36360000
30.45450000 58.36360000
32.63640000 58.36360000
43.18180000 58.36360000
43.90910000 58.36360000
44.00000000 58.36360000
63.09090000 58.36360000
63.18180000 58.36360000
64.09090000 58.36360000
83.54550000 58.36360000
1.18182000 58.45450000
1.27273000 58.45450000
30.36360000 58.45450000
30.45450000 58.45450000
32.63640000 58.45450000
43.18180000 58.45450000
44.00000000 58.45450000
63.00000000 58.45450000
63.09090000 58.45450000
64.09090000 58.45450000
83.54550000 58.45450000
1.18182000 58.54550000
30.36360000 58.54550000
32.63640000 58.54550000
43.09090000 58.54550000
43.18180000 58.54550000
44.00000000 58.54550000
62.81820000 58.54550000
62.90910000 58.54550000
63.00000000 58.54550000
64.09090000 58.54550000
83.54550000 58.54550000
1.18182000 58.63640000
30.27270000 58.63640000
30.36360000 58.63640000
32.63640000 58.63640000
43.09090000 58.63640000
44.00000000 58.63640000
62.63640000 58.63640000
62.72730000 58.63640000
62.81820000 58.63640000
64.09090000 58.63640000
83.54550000 58.63640000
1.18182000 58.72730000
30.27270000 58.72730000
32.63640000 58.72730000
43.09090000 58.72730000
44.00000000 58.72730000
62.36360000 58.72730000
62.45450000 58.72730000
62.54550000 58.72730000
62.63640000 58.72730000
64.00000000 58.72730000
64.09090000 58.72730000
83.45450000 58.72730000
83.54550000 58.72730000
1.18182000 58.81820000
30.18180000 58.81820000
30.27270000 58.81820000
32.63640000 58.81820000
43.09090000 58.81820000
44.00000000 58.81820000
62.00000000 58.81820000
62.09090000 58.81820000
62.18180000 58.81820000
62.27270000 58.81820000
62.36360000 58.81820000
64.00000000 58.81820000
83.45450000 58.81820000
1.18182000 58.90910000
30.18180000 58.90910000
32.63640000 58.90910000
32.72730000 58.90910000
43.00000000 58.90910000
43.09090000 58.90910000
44.00000000 58.90910000
44.09090000 58.90910000
61.63640000 58.90910000
61.72730000 58.90910000
61.81820000 58.90910000
61.90910000 58.90910000
62.00000000 58.90910000
64.00000000 58.90910000
83.45450000 58.90910000
1.18182000 59.00000000
30.18180000 59.00000000
32.72730000 59.00000000
43.00000000 59.00000000
44.09090000 59.00000000
56.18180000 59.00000000
56.27270000 59.00000000
56.36360000 59.00000000
56.45450000 59.00000000
56.54550000 59.00000000
56.63640000 59.00000000
56.72730000 59.00000000
56.81820000 59.00000000
56.90910000 59.00000000
57.00000000 59.00000000
57.09090000 59.00000000
57.18180000 59.00000000
61.09090000 59.00000000
61.18180000 59.00000000
61.27270000 59.00000000
61.36360000 59.00000000
61.45450000 59.00000000
61.54550000 59.00000000
61.63640000 59.00000000
64.00000000 59.00000000
83.45450000 59.00000000
1.18182000 59.09090000
17.63640000 59.09090000
17.72730000 59.09090000
17.81820000 59.09090000
30.09090000 59.09090000
30.18180000 59.09090000
32.72730000 59.09090000
32.81820000 59.09090000
43.00000000 59.09090000
44.09090000 59.09090000
56.09090000 59.09090000
56.18180000 59.09090000
57.18180000 59.09090000
57.27270000 59.09090000
57.36360000 59.09090000
57.45450000 59.09090000
57.54550000 59.09090000
57.63640000 59.09090000
60.27270000 59.09090000
60.36360000 59.09090000
60.45450000 59.09090000
60.54550000 59.09090000
60.63640000 59.09090000
60.72730000 59.09090000
60.81820000 59.09090000
60.90910000 59.09090000
61.00000000 59.09090000
61.09090000 59.09090000
64.00000000 59.09090000
83.45450000 59.09090000
1.18182000 59.18180000
17.63640000 59.18180000
17.81820000 59.18180000
17.90910000 59.18180000
18.00000000 59.18180000
30.09090000 59.18180000
32.81820000 59.18180000
34.18180000 59.18180000
34.27270000 59.18180000
34.36360000 59.18180000
34.45450000 59.18180000
43.00000000 59.18180000
44.09090000 59.18180000
56.00000000 59.18180000
56.09090000 59.18180000
57.63640000 59.18180000
57.72730000 59.18180000
57.81820000 59.18180000
57.90910000 59.18180000
58.00000000 59.18180000
58.09090000 59.18180000
58.18180000 59.18180000
58.27270000 59.18180000
58.36360000 59.18180000
58.45450000 59.18180000
58.54550000 59.18180000
58.63640000 59.18180000
58.72730000 59.18180000
58.81820000 59.18180000
58.90910000 59.18180000
59.00000000 59.18180000
59.09090000 59.18180000
59.18180000 59.18180000
59.27270000 59.18180000
59.36360000 59.18180000
59.45450000 59.18180000
59.54550000 59.18180000
59.63640000 59.18180000
59.72730000 59.18180000
59.81820000 59.18180000
59.90910000 59.18180000
60.00000000 59.18180000
60.09090000 59.18180000
60.18180000 59.18180000
60.27270000 59.18180000
64.00000000 59.18180000
83.36360000 59.18180000
83.45450000 59.18180000
1.18182000 59.27270000
17.63640000 59.27270000
18.00000000 59.27270000
18.09090000 59.27270000
30.09090000 59.27270000
32.81820000 59.27270000
32.90910000 59.27270000
33.90910000 59.27270000
34.00000000 59.27270000
34.09090000 59.27270000
34.18180000 59.27270000
34.45450000 59.27270000
43.00000000 59.27270000
44.09090000 59.27270000
55.90910000 59.27270000
56.00000000 59.27270000
64.00000000 59.27270000
83.36360000 59.27270000
1.18182000 59.36360000
17.63640000 59.36360000
18.09090000 59.36360000
30.00000000 59.36360000
30.09090000 59.36360000
32.90910000 59.36360000
33.00000000 59.36360000
33.09090000 59.36360000
33.72730000 59.36360000
33.81820000 59.36360000
33.90910000 59.36360000
34.45450000 59.36360000
34.54550000 59.36360000
43.00000000 59.36360000
44.09090000 59.36360000
55.81820000 59.36360000
55.90910000 59.36360000
64.00000000 59.36360000
83.36360000 59.36360000
1.18182000 59.45450000
17.63640000 59.45450000
18.09090000 59.45450000
18.18180000 59.45450000
30.00000000 59.45450000
33.09090000 59.45450000
33.18180000 59.45450000
33.27270000 59.45450000
33.36360000 59.45450000
33.45450000 59.45450000
33.54550000 59.45450000
33.63640000 59.45450000
33.72730000 59.45450000
34.54550000 59.45450000
42.90910000 59.45450000
43.00000000 59.45450000
44.09090000 59.45450000
55.72730000 59.45450000
55.81820000 59.45450000
63.90910000 59.45450000
64.00000000 59.45450000
83.36360000 59.45450000
1.18182000 59.54550000
17.54550000 59.54550000
17.63640000 59.54550000
18.18180000 59.54550000
18.27270000 59.54550000
30.00000000 59.54550000
34.54550000 59.54550000
42.90910000 59.54550000
44.09090000 59.54550000
44.18180000 59.54550000
55.54550000 59.54550000
55.63640000 59.54550000
55.72730000 59.54550000
63.90910000 59.54550000
83.36360000 59.54550000
1.18182000 59.63640000
17.54550000 59.63640000
18.27270000 59.63640000
18.36360000 59.63640000
30.00000000 59.63640000
34.54550000 59.63640000
42.90910000 59.63640000
44.18180000 59.63640000
55.45450000 59.63640000
55.54550000 59.63640000
63.90910000 59.63640000
83.27270000 59.63640000
83.36360000 59.63640000
1.18182000 59.72730000
17.54550000 59.72730000
18.36360000 59.72730000
18.45450000 59.72730000
26.90910000 59.72730000
27.00000000 59.72730000
27.09090000 59.72730000
27.18180000 59.72730000
27.27270000 59.72730000
27.36360000 59.72730000
30.00000000 59.72730000
34.54550000 59.72730000
42.90910000 59.72730000
44.18180000 59.72730000
55.27270000 59.72730000
55.36360000 59.72730000
55.45450000 59.72730000
63.90910000 59.72730000
83.27270000 59.72730000
1.18182000 59.81820000
17.54550000 59.81820000
18.45450000 59.81820000
18.54550000 59.81820000
26.54550000 59.81820000
26.63640000 59.81820000
26.72730000 59.81820000
26.81820000 59.81820000
26.90910000 59.81820000
27.36360000 59.81820000
27.45450000 59.81820000
27.54550000 59.81820000
27.63640000 59.81820000
27.72730000 59.81820000
30.00000000 59.81820000
30.09090000 59.81820000
34.54550000 59.81820000
42.90910000 59.81820000
44.18180000 59.81820000
55.18180000 59.81820000
55.27270000 59.81820000
63.90910000 59.81820000
83.27270000 59.81820000
1.18182000 59.90910000
17.54550000 59.90910000
18.54550000 59.90910000
18.63640000 59.90910000
26.36360000 59.90910000
26.45450000 59.90910000
26.54550000 59.90910000
27.72730000 59.90910000
27.81820000 59.90910000
27.90910000 59.90910000
28.00000000 59.90910000
28.09090000 59.90910000
30.09090000 59.90910000
34.54550000 59.90910000
42.90910000 59.90910000
44.18180000 59.90910000
55.00000000 59.90910000
55.09090000 59.90910000
55.18180000 59.90910000
63.90910000 59.90910000
83.18180000 59.90910000
83.27270000 59.90910000
1.18182000 60.00000000
17.54550000 60.00000000
18.63640000 60.00000000
18.72730000 60.00000000
26.18180000 60.00000000
26.27270000 60.00000000
26.36360000 60.00000000
28.09090000 60.00000000
28.18180000 60.00000000
28.27270000 60.00000000
28.36360000 60.00000000
30.09090000 60.00000000
34.54550000 60.00000000
42.90910000 60.00000000
44.18180000 60.00000000
54.90910000 60.00000000
55.00000000 60.00000000
63.90910000 60.00000000
83.18180000 60.00000000
1.18182000 60.09090000
1.27273000 60.09090000
17.54550000 60.09090000
18.72730000 60.09090000
18.81820000 60.09090000
26.00000000 60.09090000
26.09090000 60.09090000
26.18180000 60.09090000
28.36360000 60.09090000
28.45450000 60.09090000
28.54550000 60.09090000
28.63640000 60.09090000
30.09090000 60.09090000
34.54550000 60.09090000
34.63640000 60.09090000
42.90910000 60.09090000
44.18180000 60.09090000
54.72730000 60.09090000
54.81820000 60.09090000
54.90910000 60.09090000
63.90910000 60.09090000
83.18180000 60.09090000
1.27273000 60.18180000
17.54550000 60.18180000
18.81820000 60.18180000
18.90910000 60.18180000
25.81820000 60.18180000
25.90910000 60.18180000
26.00000000 60.18180000
28.63640000 60.18180000
28.72730000 60.18180000
28.81820000 60.18180000
28.90910000 60.18180000
29.00000000 60.18180000
29.81820000 60.18180000
29.90910000 60.18180000
30.00000000 60.18180000
30.09090000 60.18180000
34.63640000 60.18180000
42.90910000 60.18180000
44.18180000 60.18180000
53.90910000 60.18180000
54.00000000 60.18180000
54.09090000 60.18180000
54.18180000 60.18180000
54.27270000 60.18180000
54.36360000 60.18180000
54.45450000 60.18180000
54.54550000 60.18180000
54.63640000 60.18180000
54.72730000 60.18180000
63.90910000 60.18180000
82.45450000 60.18180000
82.54550000 60.18180000
83.09090000 60.18180000
83.18180000 60.18180000
1.27273000 60.27270000
17.54550000 60.27270000
18.90910000 60.27270000
19.00000000 60.27270000
25.63640000 60.27270000
25.72730000 60.27270000
25.81820000 60.27270000
29.00000000 60.27270000
29.09090000 60.27270000
29.18180000 60.27270000
29.27270000 60.27270000
29.36360000 60.27270000
29.45450000 60.27270000
29.54550000 60.27270000
29.63640000 60.27270000
29.72730000 60.27270000
29.81820000 60.27270000
34.63640000 60.27270000
42.81820000 60.27270000
42.90910000 60.27270000
44.18180000 60.27270000
53.45450000 60.27270000
53.54550000 60.27270000
53.63640000 60.27270000
53.72730000 60.27270000
53.81820000 60.27270000
53.90910000 60.27270000
63.81820000 60.27270000
63.90910000 60.27270000
82.36360000 60.27270000
82.45450000 60.27270000
82.54550000 60.27270000
82.63640000 60.27270000
83.09090000 60.27270000
1.27273000 60.36360000
17.54550000 60.36360000
19.00000000 60.36360000
19.09090000 60.36360000
19.18180000 60.36360000
25.45450000 60.36360000
25.54550000 60.36360000
25.63640000 60.36360000
34.63640000 60.36360000
42.81820000 60.36360000
44.18180000 60.36360000
52.63640000 60.36360000
52.72730000 60.36360000
52.81820000 60.36360000
52.90910000 60.36360000
53.00000000 60.36360000
53.09090000 60.36360000
53.18180000 60.36360000
53.27270000 60.36360000
53.36360000 60.36360000
53.45450000 60.36360000
63.81820000 60.36360000
82.18180000 60.36360000
82.27270000 60.36360000
82.36360000 60.36360000
82.63640000 60.36360000
83.09090000 60.36360000
1.27273000 60.45450000
17.54550000 60.45450000
19.18180000 60.45450000
19.27270000 60.45450000
25.18180000 60.45450000
25.27270000 60.45450000
25.36360000 60.45450000
25.45450000 60.45450000
34.63640000 60.45450000
42.81820000 60.45450000
44.18180000 60.45450000
52.63640000 60.45450000
63.81820000 60.45450000
82.09090000 60.45450000
82.18180000 60.45450000
82.63640000 60.45450000
83.00000000 60.45450000
83.09090000 60.45450000
1.27273000 60.54550000
17.54550000 60.54550000
19.27270000 60.54550000
19.36360000 60.54550000
19.45450000 60.54550000
24.90910000 60.54550000
25.00000000 60.54550000
25.09090000 60.54550000
25.18180000 60.54550000
34.63640000 60.54550000
42.81820000 60.54550000
44.18180000 60.54550000
44.27270000 60.54550000
52.63640000 60.54550000
63.81820000 60.54550000
82.00000000 60.54550000
82.09090000 60.54550000
82.63640000 60.54550000
82.72730000 60.54550000
82.90910000 60.54550000
83.00000000 60.54550000
1.27273000 60.63640000
1.36364000 60.63640000
17.54550000 60.63640000
19.45450000 60.63640000
19.54550000 60.63640000
19.63640000 60.63640000
24.63640000 60.63640000
24.72730000 60.63640000
24.81820000 60.63640000
24.90910000 60.63640000
34.63640000 60.63640000
42.81820000 60.63640000
44.27270000 60.63640000
52.63640000 60.63640000
63.81820000 60.63640000
81.90910000 60.63640000
82.00000000 60.63640000
82.72730000 60.63640000
82.81820000 60.63640000
82.90910000 60.63640000
1.36364000 60.72730000
17.54550000 60.72730000
19.63640000 60.72730000
19.72730000 60.72730000
24.36360000 60.72730000
24.45450000 60.72730000
24.54550000 60.72730000
24.63640000 60.72730000
34.63640000 60.72730000
42.81820000 60.72730000
44.27270000 60.72730000
52.54550000 60.72730000
52.63640000 60.72730000
63.81820000 60.72730000
81.90910000 60.72730000
82.72730000 60.72730000
82.81820000 60.72730000
1.36364000 60.81820000
17.54550000 60.81820000
19.72730000 60.81820000
19.81820000 60.81820000
19.90910000 60.81820000
24.18180000 60.81820000
24.27270000 60.81820000
24.36360000 60.81820000
34.63640000 60.81820000
34.72730000 60.81820000
42.81820000 60.81820000
44.27270000 60.81820000
52.54550000 60.81820000
63.81820000 60.81820000
81.81820000 60.81820000
81.90910000 60.81820000
1.36364000 60.90910000
17.54550000 60.90910000
19.90910000 60.90910000
20.00000000 60.90910000
20.09090000 60.90910000
24.09090000 60.90910000
24.18180000 60.90910000
34.72730000 60.90910000
42.81820000 60.90910000
44.27270000 60.90910000
52.54550000 60.90910000
63.81820000 60.90910000
81.72730000 60.90910000
81.81820000 60.90910000
1.36364000 61.00000000
17.54550000 61.00000000
20.09090000 61.00000000
20.18180000 61.00000000
20.27270000 61.00000000
20.36360000 61.00000000
24.00000000 61.00000000
24.09090000 61.00000000
34.72730000 61.00000000
42.81820000 61.00000000
44.27270000 61.00000000
52.54550000 61.00000000
63.72730000 61.00000000
63.81820000 61.00000000
81.54550000 61.00000000
81.63640000 61.00000000
81.72730000 61.00000000
1.36364000 61.09090000
17.54550000 61.09090000
20.36360000 61.09090000
20.45450000 61.09090000
20.54550000 61.09090000
23.90910000 61.09090000
24.00000000 61.09090000
34.72730000 61.09090000
42.81820000 61.09090000
44.27270000 61.09090000
52.54550000 61.09090000
63.72730000 61.09090000
81.45450000 61.09090000
81.54550000 61.09090000
1.36364000 61.18180000
1.45454000 61.18180000
17.54550000 61.18180000
17.63640000 61.18180000
20.54550000 61.18180000
20.63640000 61.18180000
20.72730000 61.18180000
23.72730000 61.18180000
23.81820000 61.18180000
23.90910000 61.18180000
34.72730000 61.18180000
42.81820000 61.18180000
44.27270000 61.18180000
52.45450000 61.18180000
52.54550000 61.18180000
63.72730000 61.18180000
81.36360000 61.18180000
81.45450000 61.18180000
1.45454000 61.27270000
17.63640000 61.27270000
20.72730000 61.27270000
20.81820000 61.27270000
20.90910000 61.27270000
21.00000000 61.27270000
23.63640000 61.27270000
23.72730000 61.27270000
34.72730000 61.27270000
42.81820000 61.27270000
44.27270000 61.27270000
52.45450000 61.27270000
63.72730000 61.27270000
81.27270000 61.27270000
81.36360000 61.27270000
1.45454000 61.36360000
17.63640000 61.36360000
21.00000000 61.36360000
21.09090000 61.36360000
21.18180000 61.36360000
21.27270000 61.36360000
21.36360000 61.36360000
23.36360000 61.36360000
23.45450000 61.36360000
23.54550000 61.36360000
23.63640000 61.36360000
34.72730000 61.36360000
42.81820000 61.36360000
44.27270000 61.36360000
52.45450000 61.36360000
63.72730000 61.36360000
81.18180000 61.36360000
81.27270000 61.36360000
1.45454000 61.45450000
17.63640000 61.45450000
21.36360000 61.45450000
21.45450000 61.45450000
21.54550000 61.45450000
21.63640000 61.45450000
21.72730000 61.45450000
21.81820000 61.45450000
21.90910000 61.45450000
22.00000000 61.45450000
22.09090000 61.45450000
22.18180000 61.45450000
22.27270000 61.45450000
22.36360000 61.45450000
22.45450000 61.45450000
22.54550000 61.45450000
22.63640000 61.45450000
22.72730000 61.45450000
22.81820000 61.45450000
22.90910000 61.45450000
23.00000000 61.45450000
23.09090000 61.45450000
23.18180000 61.45450000
23.27270000 61.45450000
23.36360000 61.45450000
34.72730000 61.45450000
34.81820000 61.45450000
42.81820000 61.45450000
44.27270000 61.45450000
52.45450000 61.45450000
63.72730000 61.45450000
81.09090000 61.45450000
81.18180000 61.45450000
1.45454000 61.54550000
17.63640000 61.54550000
34.81820000 61.54550000
42.81820000 61.54550000
44.27270000 61.54550000
52.45450000 61.54550000
63.72730000 61.54550000
81.09090000 61.54550000
1.45454000 61.63640000
17.63640000 61.63640000
34.81820000 61.63640000
42.81820000 61.63640000
44.27270000 61.63640000
52.45450000 61.63640000
63.72730000 61.63640000
81.09090000 61.63640000
1.45454000 61.72730000
17.63640000 61.72730000
17.72730000 61.72730000
34.81820000 61.72730000
42.81820000 61.72730000
44.27270000 61.72730000
52.36360000 61.72730000
52.45450000 61.72730000
63.63640000 61.72730000
63.72730000 61.72730000
81.00000000 61.72730000
81.09090000 61.72730000
1.45454000 61.81820000
17.72730000 61.81820000
34.81820000 61.81820000
42.81820000 61.81820000
44.27270000 61.81820000
52.36360000 61.81820000
63.63640000 61.81820000
81.00000000 61.81820000
1.45454000 61.90910000
17.72730000 61.90910000
34.81820000 61.90910000
42.81820000 61.90910000
44.27270000 61.90910000
52.36360000 61.90910000
63.63640000 61.90910000
81.00000000 61.90910000
1.45454000 62.00000000
17.72730000 62.00000000
34.81820000 62.00000000
42.81820000 62.00000000
44.27270000 62.00000000
52.36360000 62.00000000
63.63640000 62.00000000
81.00000000 62.00000000
1.45454000 62.09090000
1.54546000 62.09090000
17.72730000 62.09090000
17.81820000 62.09090000
34.81820000 62.09090000
42.72730000 62.09090000
42.81820000 62.09090000
44.27270000 62.09090000
52.36360000 62.09090000
63.63640000 62.09090000
80.90910000 62.09090000
81.00000000 62.09090000
1.54546000 62.18180000
17.81820000 62.18180000
34.81820000 62.18180000
34.90910000 62.18180000
42.72730000 62.18180000
44.27270000 62.18180000
52.36360000 62.18180000
63.63640000 62.18180000
80.90910000 62.18180000
1.54546000 62.27270000
17.81820000 62.27270000
34.90910000 62.27270000
42.72730000 62.27270000
44.27270000 62.27270000
52.27270000 62.27270000
52.36360000 62.27270000
63.63640000 62.27270000
80.90910000 62.27270000
1.54546000 62.36360000
17.81820000 62.36360000
34.90910000 62.36360000
42.72730000 62.36360000
44.27270000 62.36360000
52.27270000 62.36360000
63.63640000 62.36360000
80.81820000 62.36360000
80.90910000 62.36360000
1.54546000 62.45450000
17.81820000 62.45450000
34.90910000 62.45450000
42.72730000 62.45450000
44.27270000 62.45450000
52.27270000 62.45450000
63.63640000 62.45450000
80.81820000 62.45450000
1.54546000 62.54550000
17.81820000 62.54550000
34.90910000 62.54550000
42.72730000 62.54550000
44.27270000 62.54550000
52.27270000 62.54550000
63.54550000 62.54550000
63.63640000 62.54550000
80.72730000 62.54550000
80.81820000 62.54550000
1.54546000 62.63640000
17.81820000 62.63640000
17.90910000 62.63640000
34.90910000 62.63640000
42.72730000 62.63640000
44.27270000 62.63640000
52.27270000 62.63640000
63.54550000 62.63640000
80.72730000 62.63640000
1.54546000 62.72730000
17.90910000 62.72730000
34.90910000 62.72730000
42.72730000 62.72730000
44.27270000 62.72730000
52.27270000 62.72730000
63.54550000 62.72730000
80.63640000 62.72730000
80.72730000 62.72730000
1.54546000 62.81820000
17.90910000 62.81820000
34.90910000 62.81820000
42.72730000 62.81820000
44.27270000 62.81820000
52.27270000 62.81820000
63.54550000 62.81820000
80.54550000 62.81820000
80.63640000 62.81820000
1.54546000 62.90910000
17.90910000 62.90910000
34.90910000 62.90910000
35.00000000 62.90910000
42.72730000 62.90910000
44.27270000 62.90910000
52.27270000 62.90910000
63.54550000 62.90910000
80.45450000 62.90910000
80.54550000 62.90910000
1.54546000 63.00000000
17.90910000 63.00000000
35.00000000 63.00000000
42.72730000 63.00000000
44.27270000 63.00000000
52.27270000 63.00000000
63.54550000 63.00000000
80.36360000 63.00000000
80.45450000 63.00000000
1.54546000 63.09090000
17.90910000 63.09090000
35.00000000 63.09090000
42.72730000 63.09090000
44.27270000 63.09090000
52.18180000 63.09090000
52.27270000 63.09090000
63.54550000 63.09090000
80.27270000 63.09090000
80.36360000 63.09090000
1.54546000 63.18180000
1.63636000 63.18180000
17.90910000 63.18180000
35.00000000 63.18180000
42.72730000 63.18180000
44.27270000 63.18180000
52.18180000 63.18180000
63.54550000 63.18180000
80.18180000 63.18180000
80.27270000 63.18180000
1.63636000 63.27270000
17.90910000 63.27270000
35.00000000 63.27270000
42.72730000 63.27270000
44.27270000 63.27270000
52.18180000 63.27270000
63.54550000 63.27270000
80.09090000 63.27270000
80.18180000 63.27270000
1.63636000 63.36360000
17.90910000 63.36360000
35.00000000 63.36360000
42.72730000 63.36360000
44.27270000 63.36360000
52.18180000 63.36360000
63.54550000 63.36360000
80.00000000 63.36360000
80.09090000 63.36360000
1.63636000 63.45450000
17.90910000 63.45450000
35.00000000 63.45450000
42.72730000 63.45450000
44.27270000 63.45450000
52.18180000 63.45450000
63.54550000 63.45450000
79.90910000 63.45450000
80.00000000 63.45450000
1.63636000 63.54550000
17.81820000 63.54550000
17.90910000 63.54550000
35.00000000 63.54550000
42.72730000 63.54550000
44.27270000 63.54550000
52.18180000 63.54550000
63.45450000 63.54550000
63.54550000 63.54550000
79.81820000 63.54550000
79.90910000 63.54550000
1.63636000 63.63640000
1.72727000 63.63640000
17.81820000 63.63640000
35.00000000 63.63640000
35.09090000 63.63640000
42.72730000 63.63640000
44.27270000 63.63640000
52.18180000 63.63640000
63.45450000 63.63640000
79.72730000 63.63640000
79.81820000 63.63640000
1.72727000 63.72730000
17.72730000 63.72730000
17.81820000 63.72730000
35.09090000 63.72730000
42.72730000 63.72730000
44.27270000 63.72730000
52.18180000 63.72730000
63.45450000 63.72730000
79.63640000 63.72730000
79.72730000 63.72730000
1.72727000 63.81820000
17.72730000 63.81820000
35.09090000 63.81820000
42.72730000 63.81820000
44.27270000 63.81820000
52.09090000 63.81820000
52.18180000 63.81820000
63.45450000 63.81820000
79.45450000 63.81820000
79.54550000 63.81820000
79.63640000 63.81820000
1.72727000 63.90910000
17.63640000 63.90910000
17.72730000 63.90910000
35.09090000 63.90910000
42.72730000 63.90910000
44.27270000 63.90910000
52.09090000 63.90910000
63.45450000 63.90910000
79.36360000 63.90910000
79.45450000 63.90910000
1.72727000 64.00000000
17.63640000 64.00000000
35.09090000 64.00000000
42.72730000 64.00000000
44.27270000 64.00000000
52.09090000 64.00000000
63.45450000 64.00000000
79.27270000 64.00000000
79.36360000 64.00000000
1.72727000 64.09090000
1.81818000 64.09090000
17.54550000 64.09090000
17.63640000 64.09090000
35.09090000 64.09090000
42.72730000 64.09090000
44.27270000 64.09090000
52.09090000 64.09090000
63.45450000 64.09090000
79.18180000 64.09090000
79.27270000 64.09090000
1.81818000 64.18180000
1.90909000 64.18180000
17.45450000 64.18180000
17.54550000 64.18180000
35.09090000 64.18180000
35.18180000 64.18180000
42.72730000 64.18180000
44.27270000 64.18180000
52.09090000 64.18180000
63.45450000 64.18180000
79.00000000 64.18180000
79.09090000 64.18180000
79.18180000 64.18180000
1.90909000 64.27270000
2.00000000 64.27270000
3.27273000 64.27270000
3.36364000 64.27270000
3.45454000 64.27270000
3.54546000 64.27270000
17.36360000 64.27270000
17.45450000 64.27270000
35.18180000 64.27270000
42.72730000 64.27270000
44.27270000 64.27270000
52.09090000 64.27270000
63.45450000 64.27270000
78.90910000 64.27270000
79.00000000 64.27270000
2.00000000 64.36360000
2.09091000 64.36360000
2.90909000 64.36360000
3.00000000 64.36360000
3.09091000 64.36360000
3.18182000 64.36360000
3.27273000 64.36360000
3.54546000 64.36360000
17.18180000 64.36360000
17.27270000 64.36360000
17.36360000 64.36360000
35.18180000 64.36360000
42.72730000 64.36360000
44.27270000 64.36360000
52.09090000 64.36360000
63.45450000 64.36360000
78.72730000 64.36360000
78.81820000 64.36360000
78.90910000 64.36360000
2.09091000 64.45450000
2.18182000 64.45450000
2.27273000 64.45450000
2.36364000 64.45450000
2.45454000 64.45450000
2.54546000 64.45450000
2.63636000 64.45450000
2.72727000 64.45450000
2.81818000 64.45450000
2.90909000 64.45450000
3.54546000 64.45450000
17.09090000 64.45450000
17.18180000 64.45450000
35.18180000 64.45450000
42.72730000 64.45450000
44.27270000 64.45450000
52.09090000 64.45450000
63.36360000 64.45450000
63.45450000 64.45450000
78.54550000 64.45450000
78.63640000 64.45450000
78.72730000 64.45450000
3.54546000 64.54550000
16.90910000 64.54550000
17.00000000 64.54550000
17.09090000 64.54550000
35.18180000 64.54550000
42.72730000 64.54550000
44.27270000 64.54550000
52.00000000 64.54550000
52.09090000 64.54550000
63.36360000 64.54550000
78.45450000 64.54550000
78.54550000 64.54550000
3.54546000 64.63640000
16.81820000 64.63640000
16.90910000 64.63640000
35.18180000 64.63640000
35.27270000 64.63640000
42.72730000 64.63640000
44.27270000 64.63640000
52.00000000 64.63640000
63.36360000 64.63640000
78.27270000 64.63640000
78.36360000 64.63640000
78.45450000 64.63640000
3.54546000 64.72730000
16.63640000 64.72730000
16.72730000 64.72730000
16.81820000 64.72730000
35.27270000 64.72730000
42.72730000 64.72730000
44.27270000 64.72730000
52.00000000 64.72730000
63.36360000 64.72730000
78.18180000 64.72730000
78.27270000 64.72730000
3.54546000 64.81820000
16.63640000 64.81820000
35.27270000 64.81820000
42.72730000 64.81820000
44.27270000 64.81820000
52.00000000 64.81820000
63.36360000 64.81820000
78.18180000 64.81820000
3.45454000 64.90910000
3.54546000 64.90910000
16.63640000 64.90910000
16.72730000 64.90910000
35.27270000 64.90910000
42.72730000 64.90910000
44.27270000 64.90910000
52.00000000 64.90910000
63.36360000 64.90910000
78.09090000 64.90910000
78.18180000 64.90910000
3.45454000 65.00000000
16.72730000 65.00000000
16.81820000 65.00000000
35.27270000 65.00000000
42.72730000 65.00000000
44.27270000 65.00000000
52.00000000 65.00000000
63.36360000 65.00000000
78.09090000 65.00000000
3.45454000 65.09090000
16.81820000 65.09090000
35.27270000 65.09090000
35.36360000 65.09090000
42.72730000 65.09090000
44.27270000 65.09090000
52.00000000 65.09090000
63.36360000 65.09090000
78.09090000 65.09090000
3.45454000 65.18180000
16.81820000 65.18180000
16.90910000 65.18180000
35.36360000 65.18180000
42.72730000 65.18180000
44.27270000 65.18180000
52.00000000 65.18180000
63.36360000 65.18180000
78.09090000 65.18180000
3.45454000 65.27270000
3.54546000 65.27270000
16.90910000 65.27270000
17.00000000 65.27270000
35.36360000 65.27270000
42.72730000 65.27270000
44.27270000 65.27270000
52.00000000 65.27270000
63.36360000 65.27270000
78.00000000 65.27270000
78.09090000 65.27270000
3.54546000 65.36360000
17.00000000 65.36360000
17.09090000 65.36360000
35.36360000 65.36360000
42.72730000 65.36360000
44.27270000 65.36360000
51.90910000 65.36360000
52.00000000 65.36360000
63.36360000 65.36360000
78.00000000 65.36360000
3.54546000 65.45450000
3.63636000 65.45450000
17.09090000 65.45450000
35.36360000 65.45450000
35.45450000 65.45450000
42.72730000 65.45450000
44.27270000 65.45450000
51.90910000 65.45450000
63.36360000 65.45450000
78.00000000 65.45450000
3.63636000 65.54550000
3.72727000 65.54550000
3.81818000 65.54550000
17.09090000 65.54550000
17.18180000 65.54550000
35.45450000 65.54550000
42.72730000 65.54550000
44.27270000 65.54550000
51.90910000 65.54550000
63.27270000 65.54550000
63.36360000 65.54550000
78.00000000 65.54550000
3.81818000 65.63640000
3.90909000 65.63640000
4.00000000 65.63640000
17.18180000 65.63640000
35.45450000 65.63640000
42.72730000 65.63640000
44.27270000 65.63640000
51.90910000 65.63640000
63.27270000 65.63640000
78.00000000 65.63640000
78.09090000 65.63640000
4.00000000 65.72730000
4.09091000 65.72730000
4.18182000 65.72730000
17.18180000 65.72730000
35.45450000 65.72730000
42.72730000 65.72730000
44.27270000 65.72730000
51.90910000 65.72730000
63.27270000 65.72730000
78.09090000 65.72730000
4.18182000 65.81820000
4.27273000 65.81820000
17.18180000 65.81820000
35.45450000 65.81820000
42.72730000 65.81820000
44.27270000 65.81820000
51.81820000 65.81820000
51.90910000 65.81820000
63.27270000 65.81820000
78.09090000 65.81820000
4.27273000 65.90910000
4.36364000 65.90910000
17.18180000 65.90910000
35.45450000 65.90910000
35.54550000 65.90910000
42.72730000 65.90910000
44.27270000 65.90910000
51.81820000 65.90910000
63.27270000 65.90910000
78.09090000 65.90910000
4.36364000 66.00000000
4.45455000 66.00000000
4.54545000 66.00000000
17.18180000 66.00000000
35.54550000 66.00000000
42.72730000 66.00000000
44.27270000 66.00000000
51.81820000 66.00000000
63.27270000 66.00000000
78.09090000 66.00000000
4.54545000 66.09090000
4.63636000 66.09090000
4.72727000 66.09090000
17.18180000 66.09090000
35.54550000 66.09090000
42.72730000 66.09090000
44.27270000 66.09090000
51.81820000 66.09090000
63.27270000 66.09090000
78.09090000 66.09090000
4.72727000 66.18180000
4.81818000 66.18180000
4.90909000 66.18180000
5.00000000 66.18180000
5.09091000 66.18180000
17.18180000 66.18180000
17.27270000 66.18180000
35.54550000 66.18180000
42.72730000 66.18180000
44.27270000 66.18180000
51.81820000 66.18180000
63.27270000 66.18180000
78.00000000 66.18180000
78.09090000 66.18180000
5.09091000 66.27270000
5.18182000 66.27270000
5.27273000 66.27270000
17.27270000 66.27270000
35.54550000 66.27270000
42.72730000 66.27270000
44.27270000 66.27270000
51.72730000 66.27270000
51.81820000 66.27270000
63.27270000 66.27270000
78.00000000 66.27270000
5.27273000 66.36360000
5.36364000 66.36360000
17.27270000 66.36360000
35.54550000 66.36360000
35.63640000 66.36360000
42.72730000 66.36360000
44.27270000 66.36360000
51.72730000 66.36360000
63.27270000 66.36360000
78.00000000 66.36360000
5.36364000 66.45450000
17.27270000 66.45450000
35.63640000 66.45450000
42.72730000 66.45450000
44.27270000 66.45450000
51.72730000 66.45450000
63.27270000 66.45450000
78.00000000 66.45450000
5.36364000 66.54550000
5.45455000 66.54550000
17.27270000 66.54550000
35.63640000 66.54550000
42.72730000 66.54550000
44.27270000 66.54550000
51.72730000 66.54550000
63.27270000 66.54550000
78.00000000 66.54550000
5.45455000 66.63640000
17.27270000 66.63640000
35.63640000 66.63640000
42.72730000 66.63640000
44.27270000 66.63640000
51.72730000 66.63640000
63.27270000 66.63640000
78.00000000 66.63640000
5.45455000 66.72730000
17.27270000 66.72730000
35.63640000 66.72730000
42.72730000 66.72730000
44.27270000 66.72730000
51.63640000 66.72730000
51.72730000 66.72730000
63.27270000 66.72730000
77.90910000 66.72730000
78.00000000 66.72730000
5.45455000 66.81820000
5.54545000 66.81820000
17.27270000 66.81820000
35.63640000 66.81820000
35.72730000 66.81820000
42.72730000 66.81820000
44.27270000 66.81820000
51.63640000 66.81820000
63.27270000 66.81820000
77.90910000 66.81820000
5.54545000 66.90910000
17.27270000 66.90910000
35.72730000 66.90910000
42.72730000 66.90910000
44.27270000 66.90910000
51.63640000 66.90910000
63.27270000 66.90910000
77.90910000 66.90910000
5.54545000 67.00000000
17.27270000 67.00000000
35.72730000 67.00000000
42.72730000 67.00000000
44.27270000 67.00000000
51.63640000 67.00000000
63.27270000 67.00000000
77.90910000 67.00000000
5.54545000 67.09090000
17.27270000 67.09090000
35.72730000 67.09090000
42.72730000 67.09090000
44.27270000 67.09090000
51.63640000 67.09090000
63.27270000 67.09090000
77.90910000 67.09090000
5.54545000 67.18180000
17.27270000 67.18180000
35.72730000 67.18180000
42.72730000 67.18180000
44.18180000 67.18180000
44.27270000 67.18180000
51.54550000 67.18180000
51.63640000 67.18180000
63.27270000 67.18180000
77.90910000 67.18180000
5.54545000 67.27270000
17.27270000 67.27270000
35.72730000 67.27270000
35.81820000 67.27270000
42.72730000 67.27270000
44.18180000 67.27270000
51.54550000 67.27270000
63.27270000 67.27270000
77.81820000 67.27270000
77.90910000 67.27270000
5.54545000 67.36360000
17.27270000 67.36360000
35.81820000 67.36360000
42.72730000 67.36360000
44.18180000 67.36360000
51.54550000 67.36360000
63.27270000 67.36360000
77.81820000 67.36360000
5.54545000 67.45450000
17.27270000 67.45450000
17.36360000 67.45450000
35.81820000 67.45450000
42.72730000 67.45450000
44.18180000 67.45450000
51.45450000 67.45450000
51.54550000 67.45450000
63.27270000 67.45450000
77.81820000 67.45450000
5.54545000 67.54550000
17.36360000 67.54550000
35.81820000 67.54550000
42.72730000 67.54550000
44.18180000 67.54550000
51.45450000 67.54550000
63.27270000 67.54550000
77.81820000 67.54550000
5.54545000 67.63640000
5.63636000 67.63640000
17.36360000 67.63640000
35.81820000 67.63640000
42.72730000 67.63640000
44.18180000 67.63640000
51.45450000 67.63640000
63.27270000 67.63640000
77.81820000 67.63640000
5.63636000 67.72730000
17.36360000 67.72730000
35.81820000 67.72730000
35.90910000 67.72730000
42.72730000 67.72730000
44.18180000 67.72730000
51.45450000 67.72730000
63.27270000 67.72730000
63.36360000 67.72730000
77.81820000 67.72730000
5.63636000 67.81820000
5.72727000 67.81820000
17.36360000 67.81820000
35.90910000 67.81820000
42.72730000 67.81820000
44.18180000 67.81820000
51.36360000 67.81820000
51.45450000 67.81820000
63.36360000 67.81820000
77.81820000 67.81820000
5.72727000 67.90910000
17.36360000 67.90910000
35.90910000 67.90910000
42.72730000 67.90910000
44.18180000 67.90910000
51.36360000 67.90910000
63.36360000 67.90910000
77.81820000 67.90910000
5.72727000 68.00000000
17.36360000 68.00000000
35.90910000 68.00000000
42.72730000 68.00000000
44.18180000 68.00000000
51.36360000 68.00000000
63.36360000 68.00000000
77.81820000 68.00000000
5.72727000 68.09090000
5.81818000 68.09090000
17.36360000 68.09090000
35.90910000 68.09090000
42.72730000 68.09090000
44.18180000 68.09090000
51.27270000 68.09090000
51.36360000 68.09090000
63.36360000 68.09090000
77.81820000 68.09090000
5.81818000 68.18180000
17.36360000 68.18180000
35.90910000 68.18180000
42.72730000 68.18180000
44.18180000 68.18180000
51.27270000 68.18180000
63.36360000 68.18180000
77.81820000 68.18180000
5.72727000 68.27270000
5.81818000 68.27270000
17.36360000 68.27270000
35.90910000 68.27270000
42.63640000 68.27270000
42.72730000 68.27270000
44.18180000 68.27270000
51.27270000 68.27270000
63.36360000 68.27270000
77.81820000 68.27270000
5.72727000 68.36360000
17.36360000 68.36360000
35.90910000 68.36360000
42.63640000 68.36360000
44.18180000 68.36360000
51.27270000 68.36360000
63.36360000 68.36360000
77.81820000 68.36360000
5.72727000 68.45450000
17.36360000 68.45450000
35.90910000 68.45450000
42.63640000 68.45450000
44.18180000 68.45450000
51.18180000 68.45450000
51.27270000 68.45450000
63.36360000 68.45450000
77.81820000 68.45450000
5.63636000 68.54550000
5.72727000 68.54550000
17.36360000 68.54550000
35.90910000 68.54550000
36.00000000 68.54550000
42.63640000 68.54550000
44.18180000 68.54550000
51.18180000 68.54550000
63.36360000 68.54550000
77.81820000 68.54550000
5.63636000 68.63640000
17.36360000 68.63640000
36.00000000 68.63640000
42.63640000 68.63640000
44.18180000 68.63640000
51.18180000 68.63640000
63.36360000 68.63640000
77.81820000 68.63640000
5.63636000 68.72730000
17.36360000 68.72730000
36.00000000 68.72730000
42.63640000 68.72730000
44.18180000 68.72730000
51.18180000 68.72730000
63.36360000 68.72730000
77.81820000 68.72730000
5.54545000 68.81820000
5.63636000 68.81820000
17.36360000 68.81820000
36.00000000 68.81820000
42.63640000 68.81820000
44.18180000 68.81820000
51.09090000 68.81820000
51.18180000 68.81820000
63.36360000 68.81820000
63.45450000 68.81820000
77.81820000 68.81820000
5.54545000 68.90910000
17.36360000 68.90910000
36.00000000 68.90910000
42.63640000 68.90910000
44.18180000 68.90910000
51.09090000 68.90910000
63.45450000 68.90910000
77.81820000 68.90910000
5.54545000 69.00000000
17.36360000 69.00000000
36.00000000 69.00000000
42.63640000 69.00000000
44.18180000 69.00000000
51.09090000 69.00000000
63.45450000 69.00000000
77.81820000 69.00000000
5.54545000 69.09090000
17.36360000 69.09090000
36.00000000 69.09090000
42.63640000 69.09090000
44.18180000 69.09090000
51.09090000 69.09090000
63.45450000 69.09090000
77.81820000 69.09090000
5.54545000 69.18180000
17.36360000 69.18180000
36.00000000 69.18180000
42.63640000 69.18180000
44.18180000 69.18180000
51.09090000 69.18180000
63.45450000 69.18180000
77.81820000 69.18180000
5.45455000 69.27270000
5.54545000 69.27270000
17.36360000 69.27270000
36.00000000 69.27270000
42.63640000 69.27270000
44.18180000 69.27270000
51.00000000 69.27270000
51.09090000 69.27270000
63.45450000 69.27270000
77.81820000 69.27270000
5.45455000 69.36360000
17.36360000 69.36360000
36.00000000 69.36360000
42.54550000 69.36360000
42.63640000 69.36360000
44.18180000 69.36360000
51.00000000 69.36360000
63.45450000 69.36360000
77.81820000 69.36360000
5.45455000 69.45450000
17.36360000 69.45450000
36.00000000 69.45450000
42.54550000 69.45450000
44.18180000 69.45450000
51.00000000 69.45450000
63.45450000 69.45450000
77.81820000 69.45450000
5.45455000 69.54550000
5.54545000 69.54550000
17.36360000 69.54550000
36.00000000 69.54550000
42.54550000 69.54550000
44.18180000 69.54550000
51.00000000 69.54550000
63.45450000 69.54550000
77.81820000 69.54550000
5.54545000 69.63640000
17.36360000 69.63640000
36.00000000 69.63640000
42.54550000 69.63640000
44.18180000 69.63640000
51.00000000 69.63640000
63.45450000 69.63640000
77.81820000 69.63640000
5.54545000 69.72730000
17.36360000 69.72730000
36.00000000 69.72730000
42.54550000 69.72730000
44.18180000 69.72730000
51.00000000 69.72730000
63.45450000 69.72730000
77.81820000 69.72730000
5.54545000 69.81820000
17.36360000 69.81820000
36.00000000 69.81820000
42.54550000 69.81820000
44.18180000 69.81820000
51.00000000 69.81820000
51.09090000 69.81820000
63.45450000 69.81820000
77.81820000 69.81820000
5.54545000 69.90910000
17.36360000 69.90910000
36.00000000 69.90910000
42.54550000 69.90910000
44.18180000 69.90910000
44.27270000 69.90910000
51.09090000 69.90910000
63.45450000 69.90910000
77.81820000 69.90910000
5.54545000 70.00000000
17.36360000 70.00000000
36.00000000 70.00000000
42.54550000 70.00000000
44.27270000 70.00000000
51.09090000 70.00000000
63.36360000 70.00000000
63.45450000 70.00000000
77.81820000 70.00000000
5.54545000 70.09090000
17.36360000 70.09090000
17.45450000 70.09090000
36.00000000 70.09090000
42.54550000 70.09090000
44.27270000 70.09090000
51.09090000 70.09090000
63.36360000 70.09090000
77.81820000 70.09090000
5.54545000 70.18180000
17.45450000 70.18180000
36.00000000 70.18180000
42.54550000 70.18180000
44.27270000 70.18180000
51.09090000 70.18180000
63.36360000 70.18180000
77.81820000 70.18180000
5.54545000 70.27270000
17.45450000 70.27270000
36.00000000 70.27270000
42.54550000 70.27270000
44.27270000 70.27270000
51.09090000 70.27270000
63.36360000 70.27270000
77.81820000 70.27270000
5.54545000 70.36360000
17.45450000 70.36360000
36.00000000 70.36360000
42.54550000 70.36360000
44.27270000 70.36360000
51.09090000 70.36360000
63.36360000 70.36360000
77.81820000 70.36360000
5.54545000 70.45450000
17.45450000 70.45450000
17.54550000 70.45450000
36.00000000 70.45450000
42.45450000 70.45450000
42.54550000 70.45450000
44.27270000 70.45450000
51.09090000 70.45450000
63.36360000 70.45450000
77.72730000 70.45450000
77.81820000 70.45450000
5.54545000 70.54550000
17.54550000 70.54550000
36.00000000 70.54550000
42.45450000 70.54550000
44.27270000 70.54550000
51.09090000 70.54550000
63.36360000 70.54550000
77.72730000 70.54550000
5.54545000 70.63640000
17.54550000 70.63640000
36.00000000 70.63640000
42.45450000 70.63640000
44.27270000 70.63640000
51.09090000 70.63640000
63.36360000 70.63640000
77.72730000 70.63640000
5.54545000 70.72730000
17.54550000 70.72730000
36.00000000 70.72730000
42.45450000 70.72730000
44.27270000 70.72730000
51.09090000 70.72730000
63.36360000 70.72730000
77.72730000 70.72730000
5.54545000 70.81820000
17.54550000 70.81820000
36.00000000 70.81820000
42.45450000 70.81820000
44.27270000 70.81820000
51.09090000 70.81820000
51.18180000 70.81820000
63.36360000 70.81820000
77.72730000 70.81820000
5.54545000 70.90910000
17.54550000 70.90910000
17.63640000 70.90910000
36.00000000 70.90910000
42.45450000 70.90910000
44.27270000 70.90910000
51.18180000 70.90910000
63.36360000 70.90910000
77.72730000 70.90910000
5.54545000 71.00000000
17.63640000 71.00000000
36.00000000 71.00000000
42.45450000 71.00000000
44.27270000 71.00000000
51.18180000 71.00000000
63.36360000 71.00000000
77.72730000 71.00000000
5.54545000 71.09090000
17.63640000 71.09090000
36.00000000 71.09090000
42.45450000 71.09090000
44.27270000 71.09090000
51.18180000 71.09090000
63.36360000 71.09090000
77.63640000 71.09090000
77.72730000 71.09090000
5.54545000 71.18180000
17.63640000 71.18180000
36.00000000 71.18180000
42.45450000 71.18180000
44.27270000 71.18180000
51.18180000 71.18180000
63.36360000 71.18180000
77.63640000 71.18180000
5.54545000 71.27270000
5.63636000 71.27270000
17.63640000 71.27270000
17.72730000 71.27270000
36.00000000 71.27270000
42.45450000 71.27270000
44.27270000 71.27270000
51.18180000 71.27270000
63.36360000 71.27270000
77.63640000 71.27270000
5.63636000 71.36360000
17.72730000 71.36360000
35.90910000 71.36360000
36.00000000 71.36360000
42.36360000 71.36360000
42.45450000 71.36360000
44.27270000 71.36360000
51.18180000 71.36360000
63.36360000 71.36360000
77.63640000 71.36360000
5.63636000 71.45450000
17.72730000 71.45450000
35.90910000 71.45450000
42.36360000 71.45450000
44.27270000 71.45450000
44.36360000 71.45450000
51.18180000 71.45450000
63.36360000 71.45450000
63.45450000 71.45450000
77.63640000 71.45450000
5.63636000 71.54550000
17.72730000 71.54550000
35.90910000 71.54550000
42.36360000 71.54550000
44.36360000 71.54550000
51.18180000 71.54550000
63.45450000 71.54550000
77.63640000 71.54550000
5.63636000 71.63640000
5.72727000 71.63640000
17.72730000 71.63640000
17.81820000 71.63640000
35.90910000 71.63640000
42.36360000 71.63640000
44.36360000 71.63640000
51.18180000 71.63640000
51.27270000 71.63640000
63.45450000 71.63640000
77.54550000 71.63640000
77.63640000 71.63640000
5.72727000 71.72730000
17.81820000 71.72730000
35.90910000 71.72730000
42.36360000 71.72730000
44.36360000 71.72730000
51.27270000 71.72730000
63.45450000 71.72730000
77.54550000 71.72730000
5.72727000 71.81820000
17.81820000 71.81820000
35.90910000 71.81820000
42.36360000 71.81820000
44.36360000 71.81820000
51.27270000 71.81820000
63.45450000 71.81820000
63.54550000 71.81820000
77.54550000 71.81820000
5.72727000 71.90910000
17.81820000 71.90910000
35.90910000 71.90910000
42.36360000 71.90910000
44.36360000 71.90910000
51.27270000 71.90910000
63.54550000 71.90910000
77.54550000 71.90910000
5.72727000 72.00000000
5.81818000 72.00000000
17.81820000 72.00000000
35.90910000 72.00000000
42.36360000 72.00000000
44.36360000 72.00000000
51.27270000 72.00000000
63.54550000 72.00000000
77.54550000 72.00000000
5.81818000 72.09090000
17.81820000 72.09090000
35.90910000 72.09090000
42.36360000 72.09090000
44.36360000 72.09090000
51.27270000 72.09090000
63.54550000 72.09090000
77.45450000 72.09090000
77.54550000 72.09090000
5.81818000 72.18180000
17.81820000 72.18180000
35.90910000 72.18180000
42.36360000 72.18180000
44.36360000 72.18180000
51.27270000 72.18180000
63.54550000 72.18180000
63.63640000 72.18180000
77.45450000 72.18180000
5.81818000 72.27270000
17.81820000 72.27270000
35.90910000 72.27270000
42.36360000 72.27270000
44.36360000 72.27270000
51.27270000 72.27270000
51.36360000 72.27270000
63.63640000 72.27270000
77.45450000 72.27270000
5.81818000 72.36360000
17.81820000 72.36360000
35.90910000 72.36360000
42.27270000 72.36360000
42.36360000 72.36360000
44.36360000 72.36360000
51.36360000 72.36360000
63.63640000 72.36360000
77.45450000 72.36360000
5.81818000 72.45450000
17.81820000 72.45450000
35.81820000 72.45450000
35.90910000 72.45450000
42.27270000 72.45450000
44.36360000 72.45450000
51.36360000 72.45450000
63.63640000 72.45450000
77.45450000 72.45450000
5.81818000 72.54550000
17.81820000 72.54550000
35.81820000 72.54550000
42.27270000 72.54550000
44.36360000 72.54550000
51.36360000 72.54550000
63.63640000 72.54550000
63.72730000 72.54550000
77.36360000 72.54550000
77.45450000 72.54550000
5.81818000 72.63640000
17.81820000 72.63640000
35.81820000 72.63640000
42.27270000 72.63640000
44.36360000 72.63640000
51.36360000 72.63640000
63.72730000 72.63640000
77.36360000 72.63640000
5.81818000 72.72730000
17.81820000 72.72730000
35.81820000 72.72730000
42.27270000 72.72730000
44.36360000 72.72730000
51.36360000 72.72730000
63.72730000 72.72730000
77.36360000 72.72730000
5.81818000 72.81820000
17.81820000 72.81820000
35.81820000 72.81820000
42.27270000 72.81820000
44.36360000 72.81820000
51.36360000 72.81820000
63.72730000 72.81820000
77.36360000 72.81820000
5.81818000 72.90910000
17.81820000 72.90910000
35.81820000 72.90910000
42.27270000 72.90910000
44.36360000 72.90910000
51.36360000 72.90910000
51.45450000 72.90910000
63.72730000 72.90910000
77.27270000 72.90910000
77.36360000 72.90910000
5.81818000 73.00000000
17.81820000 73.00000000
35.81820000 73.00000000
42.27270000 73.00000000
44.36360000 73.00000000
51.45450000 73.00000000
63.72730000 73.00000000
63.81820000 73.00000000
77.27270000 73.00000000
5.81818000 73.09090000
17.81820000 73.09090000
35.81820000 73.09090000
42.27270000 73.09090000
44.36360000 73.09090000
51.45450000 73.09090000
63.81820000 73.09090000
77.27270000 73.09090000
5.81818000 73.18180000
17.81820000 73.18180000
35.81820000 73.18180000
42.27270000 73.18180000
44.36360000 73.18180000
51.45450000 73.18180000
63.81820000 73.18180000
77.27270000 73.18180000
5.81818000 73.27270000
17.81820000 73.27270000
35.81820000 73.27270000
42.27270000 73.27270000
44.36360000 73.27270000
44.45450000 73.27270000
51.45450000 73.27270000
63.81820000 73.27270000
77.27270000 73.27270000
5.81818000 73.36360000
17.81820000 73.36360000
35.81820000 73.36360000
42.18180000 73.36360000
42.27270000 73.36360000
44.45450000 73.36360000
51.45450000 73.36360000
63.81820000 73.36360000
77.18180000 73.36360000
77.27270000 73.36360000
5.81818000 73.45450000
17.81820000 73.45450000
35.81820000 73.45450000
42.18180000 73.45450000
44.45450000 73.45450000
51.45450000 73.45450000
63.81820000 73.45450000
77.18180000 73.45450000
5.81818000 73.54550000
17.81820000 73.54550000
35.72730000 73.54550000
35.81820000 73.54550000
42.18180000 73.54550000
44.45450000 73.54550000
51.45450000 73.54550000
63.81820000 73.54550000
63.90910000 73.54550000
77.18180000 73.54550000
5.81818000 73.63640000
17.81820000 73.63640000
35.72730000 73.63640000
42.18180000 73.63640000
44.45450000 73.63640000
51.45450000 73.63640000
63.90910000 73.63640000
77.18180000 73.63640000
5.81818000 73.72730000
17.72730000 73.72730000
17.81820000 73.72730000
35.72730000 73.72730000
42.18180000 73.72730000
44.45450000 73.72730000
51.45450000 73.72730000
63.90910000 73.72730000
77.18180000 73.72730000
5.81818000 73.81820000
17.72730000 73.81820000
35.72730000 73.81820000
42.18180000 73.81820000
44.45450000 73.81820000
51.36360000 73.81820000
51.45450000 73.81820000
63.90910000 73.81820000
77.18180000 73.81820000
5.81818000 73.90910000
17.72730000 73.90910000
35.72730000 73.90910000
42.18180000 73.90910000
44.45450000 73.90910000
51.36360000 73.90910000
63.90910000 73.90910000
77.09090000 73.90910000
77.18180000 73.90910000
5.81818000 74.00000000
17.72730000 74.00000000
35.72730000 74.00000000
42.18180000 74.00000000
44.45450000 74.00000000
51.36360000 74.00000000
63.90910000 74.00000000
77.09090000 74.00000000
5.81818000 74.09090000
5.90909000 74.09090000
17.72730000 74.09090000
35.72730000 74.09090000
42.18180000 74.09090000
44.45450000 74.09090000
51.36360000 74.09090000
63.90910000 74.09090000
64.00000000 74.09090000
77.09090000 74.09090000
5.90909000 74.18180000
17.72730000 74.18180000
35.72730000 74.18180000
42.18180000 74.18180000
44.36360000 74.18180000
44.45450000 74.18180000
51.36360000 74.18180000
64.00000000 74.18180000
77.09090000 74.18180000
5.90909000 74.27270000
17.72730000 74.27270000
35.72730000 74.27270000
42.18180000 74.27270000
44.36360000 74.27270000
51.36360000 74.27270000
64.00000000 74.27270000
77.09090000 74.27270000
5.90909000 74.36360000
17.72730000 74.36360000
35.72730000 74.36360000
42.18180000 74.36360000
44.36360000 74.36360000
51.36360000 74.36360000
64.00000000 74.36360000
77.00000000 74.36360000
77.09090000 74.36360000
5.90909000 74.45450000
17.72730000 74.45450000
35.72730000 74.45450000
42.18180000 74.45450000
44.36360000 74.45450000
51.36360000 74.45450000
64.00000000 74.45450000
64.09090000 74.45450000
77.00000000 74.45450000
5.90909000 74.54550000
17.72730000 74.54550000
35.63640000 74.54550000
35.72730000 74.54550000
42.18180000 74.54550000
44.36360000 74.54550000
51.36360000 74.54550000
64.09090000 74.54550000
77.00000000 74.54550000
5.90909000 74.63640000
6.00000000 74.63640000
17.72730000 74.63640000
35.63640000 74.63640000
42.18180000 74.63640000
44.36360000 74.63640000
51.36360000 74.63640000
64.09090000 74.63640000
77.00000000 74.63640000
6.00000000 74.72730000
17.72730000 74.72730000
35.63640000 74.72730000
42.18180000 74.72730000
44.36360000 74.72730000
51.27270000 74.72730000
51.36360000 74.72730000
64.09090000 74.72730000
64.18180000 74.72730000
77.00000000 74.72730000
6.00000000 74.81820000
17.72730000 74.81820000
35.63640000 74.81820000
42.18180000 74.81820000
44.36360000 74.81820000
51.27270000 74.81820000
64.18180000 74.81820000
76.90910000 74.81820000
77.00000000 74.81820000
6.00000000 74.90910000
17.72730000 74.90910000
35.63640000 74.90910000
42.18180000 74.90910000
44.36360000 74.90910000
51.27270000 74.90910000
64.18180000 74.90910000
64.27270000 74.90910000
76.90910000 74.90910000
6.00000000 75.00000000
17.72730000 75.00000000
35.63640000 75.00000000
42.18180000 75.00000000
44.36360000 75.00000000
51.27270000 75.00000000
64.27270000 75.00000000
76.90910000 75.00000000
6.00000000 75.09090000
17.72730000 75.09090000
35.63640000 75.09090000
42.09090000 75.09090000
42.18180000 75.09090000
44.36360000 75.09090000
51.18180000 75.09090000
51.27270000 75.09090000
64.27270000 75.09090000
76.90910000 75.09090000
6.00000000 75.18180000
6.09091000 75.18180000
17.72730000 75.18180000
35.63640000 75.18180000
42.09090000 75.18180000
44.36360000 75.18180000
51.18180000 75.18180000
64.27270000 75.18180000
64.36360000 75.18180000
76.90910000 75.18180000
6.09091000 75.27270000
17.72730000 75.27270000
35.63640000 75.27270000
42.09090000 75.27270000
44.36360000 75.27270000
51.18180000 75.27270000
64.36360000 75.27270000
76.81820000 75.27270000
76.90910000 75.27270000
6.09091000 75.36360000
17.72730000 75.36360000
35.63640000 75.36360000
42.09090000 75.36360000
44.36360000 75.36360000
51.18180000 75.36360000
64.36360000 75.36360000
76.81820000 75.36360000
6.09091000 75.45450000
17.72730000 75.45450000
35.63640000 75.45450000
42.09090000 75.45450000
44.36360000 75.45450000
51.09090000 75.45450000
51.18180000 75.45450000
64.36360000 75.45450000
64.45450000 75.45450000
76.81820000 75.45450000
6.09091000 75.54550000
17.72730000 75.54550000
35.54550000 75.54550000
35.63640000 75.54550000
42.09090000 75.54550000
44.36360000 75.54550000
51.09090000 75.54550000
64.45450000 75.54550000
76.81820000 75.54550000
6.09091000 75.63640000
17.72730000 75.63640000
35.54550000 75.63640000
35.63640000 75.63640000
42.09090000 75.63640000
44.36360000 75.63640000
51.09090000 75.63640000
64.45450000 75.63640000
76.81820000 75.63640000
6.09091000 75.72730000
17.72730000 75.72730000
35.63640000 75.72730000
42.09090000 75.72730000
44.36360000 75.72730000
51.09090000 75.72730000
64.45450000 75.72730000
64.54550000 75.72730000
76.81820000 75.72730000
6.09091000 75.81820000
17.72730000 75.81820000
35.63640000 75.81820000
42.09090000 75.81820000
44.36360000 75.81820000
51.09090000 75.81820000
64.54550000 75.81820000
76.72730000 75.81820000
76.81820000 75.81820000
6.09091000 75.90910000
17.72730000 75.90910000
35.63640000 75.90910000
42.09090000 75.90910000
44.36360000 75.90910000
51.09090000 75.90910000
64.54550000 75.90910000
76.72730000 75.90910000
6.09091000 76.00000000
17.72730000 76.00000000
35.63640000 76.00000000
42.09090000 76.00000000
44.36360000 76.00000000
51.09090000 76.00000000
64.54550000 76.00000000
76.72730000 76.00000000
6.09091000 76.09090000
6.18182000 76.09090000
17.72730000 76.09090000
35.63640000 76.09090000
42.09090000 76.09090000
44.36360000 76.09090000
51.09090000 76.09090000
64.54550000 76.09090000
64.63640000 76.09090000
76.72730000 76.09090000
6.18182000 76.18180000
17.72730000 76.18180000
35.63640000 76.18180000
42.09090000 76.18180000
44.36360000 76.18180000
51.09090000 76.18180000
64.63640000 76.18180000
76.72730000 76.18180000
6.18182000 76.27270000
17.72730000 76.27270000
35.63640000 76.27270000
42.09090000 76.27270000
44.36360000 76.27270000
51.09090000 76.27270000
64.63640000 76.27270000
76.63640000 76.27270000
76.72730000 76.27270000
6.18182000 76.36360000
17.72730000 76.36360000
17.81820000 76.36360000
35.63640000 76.36360000
42.09090000 76.36360000
44.36360000 76.36360000
51.09090000 76.36360000
64.63640000 76.36360000
76.63640000 76.36360000
6.18182000 76.45450000
17.81820000 76.45450000
35.63640000 76.45450000
42.09090000 76.45450000
44.36360000 76.45450000
51.09090000 76.45450000
64.63640000 76.45450000
64.72730000 76.45450000
76.63640000 76.45450000
6.18182000 76.54550000
17.81820000 76.54550000
35.63640000 76.54550000
42.09090000 76.54550000
44.36360000 76.54550000
51.09090000 76.54550000
64.72730000 76.54550000
76.63640000 76.54550000
6.18182000 76.63640000
17.81820000 76.63640000
35.63640000 76.63640000
42.09090000 76.63640000
44.36360000 76.63640000
51.09090000 76.63640000
64.72730000 76.63640000
76.63640000 76.63640000
6.18182000 76.72730000
17.81820000 76.72730000
35.63640000 76.72730000
42.09090000 76.72730000
44.36360000 76.72730000
51.09090000 76.72730000
64.72730000 76.72730000
76.54550000 76.72730000
76.63640000 76.72730000
6.09091000 76.81820000
6.18182000 76.81820000
17.81820000 76.81820000
35.63640000 76.81820000
42.09090000 76.81820000
44.36360000 76.81820000
51.09090000 76.81820000
64.72730000 76.81820000
76.54550000 76.81820000
6.09091000 76.90910000
17.81820000 76.90910000
35.63640000 76.90910000
42.09090000 76.90910000
44.36360000 76.90910000
51.09090000 76.90910000
64.72730000 76.90910000
76.54550000 76.90910000
6.09091000 77.00000000
17.81820000 77.00000000
17.90910000 77.00000000
35.63640000 77.00000000
42.00000000 77.00000000
42.09090000 77.00000000
44.36360000 77.00000000
51.09090000 77.00000000
64.72730000 77.00000000
76.54550000 77.00000000
6.09091000 77.09090000
17.90910000 77.09090000
35.63640000 77.09090000
42.00000000 77.09090000
44.36360000 77.09090000
51.09090000 77.09090000
64.72730000 77.09090000
76.54550000 77.09090000
6.09091000 77.18180000
17.90910000 77.18180000
35.63640000 77.18180000
42.00000000 77.18180000
44.27270000 77.18180000
44.36360000 77.18180000
51.09090000 77.18180000
64.72730000 77.18180000
76.54550000 77.18180000
6.09091000 77.27270000
17.90910000 77.27270000
35.63640000 77.27270000
42.00000000 77.27270000
44.27270000 77.27270000
51.09090000 77.27270000
64.72730000 77.27270000
76.54550000 77.27270000
6.09091000 77.36360000
17.90910000 77.36360000
35.63640000 77.36360000
42.00000000 77.36360000
44.27270000 77.36360000
51.09090000 77.36360000
64.72730000 77.36360000
76.54550000 77.36360000
6.00000000 77.45450000
6.09091000 77.45450000
17.90910000 77.45450000
18.00000000 77.45450000
35.63640000 77.45450000
42.00000000 77.45450000
44.27270000 77.45450000
51.09090000 77.45450000
64.72730000 77.45450000
76.45450000 77.45450000
76.54550000 77.45450000
6.00000000 77.54550000
11.63640000 77.54550000
11.72730000 77.54550000
11.81820000 77.54550000
18.00000000 77.54550000
35.63640000 77.54550000
42.00000000 77.54550000
44.27270000 77.54550000
51.09090000 77.54550000
64.72730000 77.54550000
76.45450000 77.54550000
6.00000000 77.63640000
11.54550000 77.63640000
11.63640000 77.63640000
11.81820000 77.63640000
18.00000000 77.63640000
35.63640000 77.63640000
42.00000000 77.63640000
44.27270000 77.63640000
51.09090000 77.63640000
64.72730000 77.63640000
76.45450000 77.63640000
6.00000000 77.72730000
11.45450000 77.72730000
11.54550000 77.72730000
11.81820000 77.72730000
11.90910000 77.72730000
18.00000000 77.72730000
35.63640000 77.72730000
42.00000000 77.72730000
44.27270000 77.72730000
51.09090000 77.72730000
64.72730000 77.72730000
76.45450000 77.72730000
6.00000000 77.81820000
11.45450000 77.81820000
11.90910000 77.81820000
18.00000000 77.81820000
35.63640000 77.81820000
42.00000000 77.81820000
44.27270000 77.81820000
51.09090000 77.81820000
64.72730000 77.81820000
76.45450000 77.81820000
6.00000000 77.90910000
11.45450000 77.90910000
11.90910000 77.90910000
12.00000000 77.90910000
18.00000000 77.90910000
35.63640000 77.90910000
42.00000000 77.90910000
44.27270000 77.90910000
51.09090000 77.90910000
64.72730000 77.90910000
76.45450000 77.90910000
5.90909000 78.00000000
6.00000000 78.00000000
11.45450000 78.00000000
12.00000000 78.00000000
12.09090000 78.00000000
12.18180000 78.00000000
18.00000000 78.00000000
35.63640000 78.00000000
42.00000000 78.00000000
44.27270000 78.00000000
51.00000000 78.00000000
51.09090000 78.00000000
64.72730000 78.00000000
64.81820000 78.00000000
76.45450000 78.00000000
5.90909000 78.09090000
11.45450000 78.09090000
12.18180000 78.09090000
12.27270000 78.09090000
12.36360000 78.09090000
18.00000000 78.09090000
35.63640000 78.09090000
42.00000000 78.09090000
44.27270000 78.09090000
51.00000000 78.09090000
64.81820000 78.09090000
76.45450000 78.09090000
5.90909000 78.18180000
11.45450000 78.18180000
12.36360000 78.18180000
18.00000000 78.18180000
35.63640000 78.18180000
42.00000000 78.18180000
44.27270000 78.18180000
51.00000000 78.18180000
64.81820000 78.18180000
76.45450000 78.18180000
5.90909000 78.27270000
11.45450000 78.27270000
12.36360000 78.27270000
18.00000000 78.27270000
35.63640000 78.27270000
42.00000000 78.27270000
44.27270000 78.27270000
51.00000000 78.27270000
64.81820000 78.27270000
76.45450000 78.27270000
5.90909000 78.36360000
11.45450000 78.36360000
12.36360000 78.36360000
18.00000000 78.36360000
35.63640000 78.36360000
42.00000000 78.36360000
44.27270000 78.36360000
51.00000000 78.36360000
64.81820000 78.36360000
76.45450000 78.36360000
5.90909000 78.45450000
11.45450000 78.45450000
12.27270000 78.45450000
12.36360000 78.45450000
17.90910000 78.45450000
18.00000000 78.45450000
35.63640000 78.45450000
42.00000000 78.45450000
44.27270000 78.45450000
51.00000000 78.45450000
64.81820000 78.45450000
76.45450000 78.45450000
5.90909000 78.54550000
11.45450000 78.54550000
11.54550000 78.54550000
12.27270000 78.54550000
17.90910000 78.54550000
35.63640000 78.54550000
42.00000000 78.54550000
44.27270000 78.54550000
51.00000000 78.54550000
64.81820000 78.54550000
76.45450000 78.54550000
5.90909000 78.63640000
11.54550000 78.63640000
12.27270000 78.63640000
17.81820000 78.63640000
17.90910000 78.63640000
35.63640000 78.63640000
42.00000000 78.63640000
44.27270000 78.63640000
51.00000000 78.63640000
64.81820000 78.63640000
64.90910000 78.63640000
76.36360000 78.63640000
76.45450000 78.63640000
5.90909000 78.72730000
11.54550000 78.72730000
12.27270000 78.72730000
17.72730000 78.72730000
17.81820000 78.72730000
35.63640000 78.72730000
42.00000000 78.72730000
44.27270000 78.72730000
51.00000000 78.72730000
64.90910000 78.72730000
76.27270000 78.72730000
76.36360000 78.72730000
5.90909000 78.81820000
11.54550000 78.81820000
12.27270000 78.81820000
17.54550000 78.81820000
17.63640000 78.81820000
17.72730000 78.81820000
35.63640000 78.81820000
42.00000000 78.81820000
44.27270000 78.81820000
51.00000000 78.81820000
64.90910000 78.81820000
76.27270000 78.81820000
5.90909000 78.90910000
6.00000000 78.90910000
11.54550000 78.90910000
12.27270000 78.90910000
17.36360000 78.90910000
17.45450000 78.90910000
17.54550000 78.90910000
35.63640000 78.90910000
42.00000000 78.90910000
44.27270000 78.90910000
51.00000000 78.90910000
64.90910000 78.90910000
76.18180000 78.90910000
76.27270000 78.90910000
6.00000000 79.00000000
11.54550000 79.00000000
11.63640000 79.00000000
12.27270000 79.00000000
17.09090000 79.00000000
17.18180000 79.00000000
17.27270000 79.00000000
17.36360000 79.00000000
35.63640000 79.00000000
42.00000000 79.00000000
44.27270000 79.00000000
51.00000000 79.00000000
64.90910000 79.00000000
65.00000000 79.00000000
76.09090000 79.00000000
76.18180000 79.00000000
6.00000000 79.09090000
6.09091000 79.09090000
11.63640000 79.09090000
12.27270000 79.09090000
16.81820000 79.09090000
16.90910000 79.09090000
17.00000000 79.09090000
17.09090000 79.09090000
35.63640000 79.09090000
42.00000000 79.09090000
44.27270000 79.09090000
51.00000000 79.09090000
65.00000000 79.09090000
76.09090000 79.09090000
6.09091000 79.18180000
6.18182000 79.18180000
11.63640000 79.18180000
12.27270000 79.18180000
16.63640000 79.18180000
16.72730000 79.18180000
16.81820000 79.18180000
35.63640000 79.18180000
42.00000000 79.18180000
44.27270000 79.18180000
51.00000000 79.18180000
65.00000000 79.18180000
65.09090000 79.18180000
76.00000000 79.18180000
76.09090000 79.18180000
6.18182000 79.27270000
6.27273000 79.27270000
11.63640000 79.27270000
12.27270000 79.27270000
16.54550000 79.27270000
16.63640000 79.27270000
35.63640000 79.27270000
41.90910000 79.27270000
42.00000000 79.27270000
44.27270000 79.27270000
51.00000000 79.27270000
65.09090000 79.27270000
75.90910000 79.27270000
76.00000000 79.27270000
6.27273000 79.36360000
6.36364000 79.36360000
6.45455000 79.36360000
11.63640000 79.36360000
12.27270000 79.36360000
16.45450000 79.36360000
16.54550000 79.36360000
35.63640000 79.36360000
41.90910000 79.36360000
44.27270000 79.36360000
51.00000000 79.36360000
65.09090000 79.36360000
65.18180000 79.36360000
75.81820000 79.36360000
75.90910000 79.36360000
6.45455000 79.45450000
6.54545000 79.45450000
6.63636000 79.45450000
11.63640000 79.45450000
12.27270000 79.45450000
16.36360000 79.45450000
16.45450000 79.45450000
35.63640000 79.45450000
41.90910000 79.45450000
44.27270000 79.45450000
51.00000000 79.45450000
65.18180000 79.45450000
65.27270000 79.45450000
65.36360000 79.45450000
75.72730000 79.45450000
75.81820000 79.45450000
6.63636000 79.54550000
6.72727000 79.54550000
6.81818000 79.54550000
11.63640000 79.54550000
11.72730000 79.54550000
12.27270000 79.54550000
16.36360000 79.54550000
35.63640000 79.54550000
41.90910000 79.54550000
44.27270000 79.54550000
51.00000000 79.54550000
65.36360000 79.54550000
65.45450000 79.54550000
65.54550000 79.54550000
75.72730000 79.54550000
6.81818000 79.63640000
6.90909000 79.63640000
7.00000000 79.63640000
7.09091000 79.63640000
11.72730000 79.63640000
12.27270000 79.63640000
16.36360000 79.63640000
35.63640000 79.63640000
41.90910000 79.63640000
44.27270000 79.63640000
51.00000000 79.63640000
65.54550000 79.63640000
65.63640000 79.63640000
65.72730000 79.63640000
65.81820000 79.63640000
65.90910000 79.63640000
75.63640000 79.63640000
75.72730000 79.63640000
7.09091000 79.72730000
7.18182000 79.72730000
7.27273000 79.72730000
7.36364000 79.72730000
7.45455000 79.72730000
11.72730000 79.72730000
12.27270000 79.72730000
16.36360000 79.72730000
35.63640000 79.72730000
41.90910000 79.72730000
44.27270000 79.72730000
50.90910000 79.72730000
51.00000000 79.72730000
65.90910000 79.72730000
66.00000000 79.72730000
66.09090000 79.72730000
66.18180000 79.72730000
66.27270000 79.72730000
75.63640000 79.72730000
7.45455000 79.81820000
7.54545000 79.81820000
11.72730000 79.81820000
12.27270000 79.81820000
16.36360000 79.81820000
35.63640000 79.81820000
35.72730000 79.81820000
41.90910000 79.81820000
44.27270000 79.81820000
50.90910000 79.81820000
66.27270000 79.81820000
66.36360000 79.81820000
66.45450000 79.81820000
66.54550000 79.81820000
75.54550000 79.81820000
75.63640000 79.81820000
7.54545000 79.90910000
11.72730000 79.90910000
12.27270000 79.90910000
16.36360000 79.90910000
35.72730000 79.90910000
41.90910000 79.90910000
44.27270000 79.90910000
50.90910000 79.90910000
66.54550000 79.90910000
70.63640000 79.90910000
70.72730000 79.90910000
75.54550000 79.90910000
7.54545000 80.00000000
7.63636000 80.00000000
11.72730000 80.00000000
12.27270000 80.00000000
16.36360000 80.00000000
35.72730000 80.00000000
41.90910000 80.00000000
44.27270000 80.00000000
50.90910000 80.00000000
66.54550000 80.00000000
66.63640000 80.00000000
70.54550000 80.00000000
70.63640000 80.00000000
70.72730000 80.00000000
70.81820000 80.00000000
70.90910000 80.00000000
71.00000000 80.00000000
75.54550000 80.00000000
7.63636000 80.09090000
11.72730000 80.09090000
12.27270000 80.09090000
16.36360000 80.09090000
35.72730000 80.09090000
41.90910000 80.09090000
44.27270000 80.09090000
50.90910000 80.09090000
66.63640000 80.09090000
70.54550000 80.09090000
71.00000000 80.09090000
71.09090000 80.09090000
71.18180000 80.09090000
75.54550000 80.09090000
7.63636000 80.18180000
7.72727000 80.18180000
11.72730000 80.18180000
12.27270000 80.18180000
16.36360000 80.18180000
35.72730000 80.18180000
41.90910000 80.18180000
44.27270000 80.18180000
50.90910000 80.18180000
66.54550000 80.18180000
66.63640000 80.18180000
70.54550000 80.18180000
71.18180000 80.18180000
71.27270000 80.18180000
75.45450000 80.18180000
75.54550000 80.18180000
7.72727000 80.27270000
11.72730000 80.27270000
12.27270000 80.27270000
16.36360000 80.27270000
16.45450000 80.27270000
35.72730000 80.27270000
41.90910000 80.27270000
44.27270000 80.27270000
50.90910000 80.27270000
66.54550000 80.27270000
70.45450000 80.27270000
70.54550000 80.27270000
71.27270000 80.27270000
71.36360000 80.27270000
75.45450000 80.27270000
7.72727000 80.36360000
11.72730000 80.36360000
12.27270000 80.36360000
16.45450000 80.36360000
35.72730000 80.36360000
41.90910000 80.36360000
44.27270000 80.36360000
50.90910000 80.36360000
66.54550000 80.36360000
70.45450000 80.36360000
71.36360000 80.36360000
75.45450000 80.36360000
7.72727000 80.45450000
11.72730000 80.45450000
12.27270000 80.45450000
16.45450000 80.45450000
35.72730000 80.45450000
41.90910000 80.45450000
44.27270000 80.45450000
50.90910000 80.45450000
66.54550000 80.45450000
70.45450000 80.45450000
71.36360000 80.45450000
71.45450000 80.45450000
75.45450000 80.45450000
7.72727000 80.54550000
11.72730000 80.54550000
12.27270000 80.54550000
16.45450000 80.54550000
35.72730000 80.54550000
41.90910000 80.54550000
44.27270000 80.54550000
50.90910000 80.54550000
66.45450000 80.54550000
66.54550000 80.54550000
70.45450000 80.54550000
71.45450000 80.54550000
75.45450000 80.54550000
75.54550000 80.54550000
7.72727000 80.63640000
11.72730000 80.63640000
12.27270000 80.63640000
16.45450000 80.63640000
35.72730000 80.63640000
41.90910000 80.63640000
44.27270000 80.63640000
50.90910000 80.63640000
66.45450000 80.63640000
70.36360000 80.63640000
70.45450000 80.63640000
71.45450000 80.63640000
75.54550000 80.63640000
7.72727000 80.72730000
11.72730000 80.72730000
12.27270000 80.72730000
16.45450000 80.72730000
35.72730000 80.72730000
41.90910000 80.72730000
44.27270000 80.72730000
50.90910000 80.72730000
66.45450000 80.72730000
70.36360000 80.72730000
71.45450000 80.72730000
75.54550000 80.72730000
7.72727000 80.81820000
11.72730000 80.81820000
12.27270000 80.81820000
16.45450000 80.81820000
35.72730000 80.81820000
41.90910000 80.81820000
44.27270000 80.81820000
50.90910000 80.81820000
66.45450000 80.81820000
70.36360000 80.81820000
71.45450000 80.81820000
71.54550000 80.81820000
75.54550000 80.81820000
7.72727000 80.90910000
11.72730000 80.90910000
12.27270000 80.90910000
16.45450000 80.90910000
35.72730000 80.90910000
41.90910000 80.90910000
44.27270000 80.90910000
50.90910000 80.90910000
66.45450000 80.90910000
70.36360000 80.90910000
71.54550000 80.90910000
75.54550000 80.90910000
7.72727000 81.00000000
11.63640000 81.00000000
11.72730000 81.00000000
12.27270000 81.00000000
16.45450000 81.00000000
35.72730000 81.00000000
41.81820000 81.00000000
41.90910000 81.00000000
44.27270000 81.00000000
44.36360000 81.00000000
50.90910000 81.00000000
66.45450000 81.00000000
70.36360000 81.00000000
71.54550000 81.00000000
75.54550000 81.00000000
7.72727000 81.09090000
11.63640000 81.09090000
12.27270000 81.09090000
12.36360000 81.09090000
16.45450000 81.09090000
35.72730000 81.09090000
41.81820000 81.09090000
44.36360000 81.09090000
50.90910000 81.09090000
66.45450000 81.09090000
70.36360000 81.09090000
71.54550000 81.09090000
75.54550000 81.09090000
7.72727000 81.18180000
11.63640000 81.18180000
12.36360000 81.18180000
16.45450000 81.18180000
16.54550000 81.18180000
35.72730000 81.18180000
41.81820000 81.18180000
44.36360000 81.18180000
50.90910000 81.18180000
66.45450000 81.18180000
70.36360000 81.18180000
71.54550000 81.18180000
75.54550000 81.18180000
75.63640000 81.18180000
7.72727000 81.27270000
11.63640000 81.27270000
12.36360000 81.27270000
16.54550000 81.27270000
35.72730000 81.27270000
41.81820000 81.27270000
44.36360000 81.27270000
50.90910000 81.27270000
66.45450000 81.27270000
70.36360000 81.27270000
71.54550000 81.27270000
71.63640000 81.27270000
75.63640000 81.27270000
7.72727000 81.36360000
11.54550000 81.36360000
11.63640000 81.36360000
12.36360000 81.36360000
16.54550000 81.36360000
35.72730000 81.36360000
41.81820000 81.36360000
44.36360000 81.36360000
50.90910000 81.36360000
66.45450000 81.36360000
70.36360000 81.36360000
71.63640000 81.36360000
75.63640000 81.36360000
7.72727000 81.45450000
11.54550000 81.45450000
12.36360000 81.45450000
12.45450000 81.45450000
16.54550000 81.45450000
35.72730000 81.45450000
41.81820000 81.45450000
44.36360000 81.45450000
50.90910000 81.45450000
66.45450000 81.45450000
70.36360000 81.45450000
71.63640000 81.45450000
75.63640000 81.45450000
7.72727000 81.54550000
11.54550000 81.54550000
12.45450000 81.54550000
16.54550000 81.54550000
35.72730000 81.54550000
41.81820000 81.54550000
44.36360000 81.54550000
50.90910000 81.54550000
66.45450000 81.54550000
70.36360000 81.54550000
71.63640000 81.54550000
75.63640000 81.54550000
7.72727000 81.63640000
11.45450000 81.63640000
11.54550000 81.63640000
12.45450000 81.63640000
16.54550000 81.63640000
35.72730000 81.63640000
41.81820000 81.63640000
44.36360000 81.63640000
50.90910000 81.63640000
66.36360000 81.63640000
66.45450000 81.63640000
70.36360000 81.63640000
71.63640000 81.63640000
75.63640000 81.63640000
75.72730000 81.63640000
7.72727000 81.72730000
11.45450000 81.72730000
12.45450000 81.72730000
12.54550000 81.72730000
16.54550000 81.72730000
35.72730000 81.72730000
41.81820000 81.72730000
44.36360000 81.72730000
50.90910000 81.72730000
66.36360000 81.72730000
70.36360000 81.72730000
71.63640000 81.72730000
75.72730000 81.72730000
7.72727000 81.81820000
11.45450000 81.81820000
12.54550000 81.81820000
16.54550000 81.81820000
16.63640000 81.81820000
35.72730000 81.81820000
41.81820000 81.81820000
44.36360000 81.81820000
50.90910000 81.81820000
66.36360000 81.81820000
70.36360000 81.81820000
71.63640000 81.81820000
75.72730000 81.81820000
7.72727000 81.90910000
11.45450000 81.90910000
12.54550000 81.90910000
12.63640000 81.90910000
16.63640000 81.90910000
35.72730000 81.90910000
41.81820000 81.90910000
44.36360000 81.90910000
50.90910000 81.90910000
66.36360000 81.90910000
70.36360000 81.90910000
71.63640000 81.90910000
75.72730000 81.90910000
7.63636000 82.00000000
7.72727000 82.00000000
11.36360000 82.00000000
11.45450000 82.00000000
12.63640000 82.00000000
16.63640000 82.00000000
35.72730000 82.00000000
41.81820000 82.00000000
44.36360000 82.00000000
50.90910000 82.00000000
66.36360000 82.00000000
70.36360000 82.00000000
71.63640000 82.00000000
75.72730000 82.00000000
7.63636000 82.09090000
11.36360000 82.09090000
12.63640000 82.09090000
12.72730000 82.09090000
16.63640000 82.09090000
35.72730000 82.09090000
41.81820000 82.09090000
44.36360000 82.09090000
50.90910000 82.09090000
66.36360000 82.09090000
70.36360000 82.09090000
71.63640000 82.09090000
71.72730000 82.09090000
75.72730000 82.09090000
7.63636000 82.18180000
11.36360000 82.18180000
12.72730000 82.18180000
16.63640000 82.18180000
35.72730000 82.18180000
41.81820000 82.18180000
44.36360000 82.18180000
50.90910000 82.18180000
66.36360000 82.18180000
70.36360000 82.18180000
71.72730000 82.18180000
75.72730000 82.18180000
75.81820000 82.18180000
7.63636000 82.27270000
11.27270000 82.27270000
11.36360000 82.27270000
12.72730000 82.27270000
12.81820000 82.27270000
16.63640000 82.27270000
16.72730000 82.27270000
35.72730000 82.27270000
41.81820000 82.27270000
44.36360000 82.27270000
50.90910000 82.27270000
66.36360000 82.27270000
70.36360000 82.27270000
71.72730000 82.27270000
75.81820000 82.27270000
7.63636000 82.36360000
11.27270000 82.36360000
12.81820000 82.36360000
16.72730000 82.36360000
35.72730000 82.36360000
41.81820000 82.36360000
44.36360000 82.36360000
50.90910000 82.36360000
66.36360000 82.36360000
70.36360000 82.36360000
71.72730000 82.36360000
75.81820000 82.36360000
7.63636000 82.45450000
11.18180000 82.45450000
11.27270000 82.45450000
12.81820000 82.45450000
12.90910000 82.45450000
16.72730000 82.45450000
35.72730000 82.45450000
41.81820000 82.45450000
44.36360000 82.45450000
50.90910000 82.45450000
66.36360000 82.45450000
70.36360000 82.45450000
71.72730000 82.45450000
75.81820000 82.45450000
7.63636000 82.54550000
11.18180000 82.54550000
12.90910000 82.54550000
16.72730000 82.54550000
35.72730000 82.54550000
35.81820000 82.54550000
41.81820000 82.54550000
44.36360000 82.54550000
50.90910000 82.54550000
66.36360000 82.54550000
70.36360000 82.54550000
71.72730000 82.54550000
75.81820000 82.54550000
7.63636000 82.63640000
11.18180000 82.63640000
12.90910000 82.63640000
16.72730000 82.63640000
35.81820000 82.63640000
41.72730000 82.63640000
41.81820000 82.63640000
44.36360000 82.63640000
50.90910000 82.63640000
66.36360000 82.63640000
70.36360000 82.63640000
71.72730000 82.63640000
75.81820000 82.63640000
7.63636000 82.72730000
11.18180000 82.72730000
12.90910000 82.72730000
13.00000000 82.72730000
16.72730000 82.72730000
16.81820000 82.72730000
35.81820000 82.72730000
41.72730000 82.72730000
44.36360000 82.72730000
50.90910000 82.72730000
51.00000000 82.72730000
66.36360000 82.72730000
70.36360000 82.72730000
71.63640000 82.72730000
71.72730000 82.72730000
75.81820000 82.72730000
7.63636000 82.81820000
11.09090000 82.81820000
11.18180000 82.81820000
13.00000000 82.81820000
16.81820000 82.81820000
35.81820000 82.81820000
41.72730000 82.81820000
44.36360000 82.81820000
51.00000000 82.81820000
66.36360000 82.81820000
70.36360000 82.81820000
71.63640000 82.81820000
75.81820000 82.81820000
7.63636000 82.90910000
11.09090000 82.90910000
13.00000000 82.90910000
13.09090000 82.90910000
16.81820000 82.90910000
35.81820000 82.90910000
41.72730000 82.90910000
44.36360000 82.90910000
51.00000000 82.90910000
66.36360000 82.90910000
70.36360000 82.90910000
71.63640000 82.90910000
75.81820000 82.90910000
7.63636000 83.00000000
11.09090000 83.00000000
13.09090000 83.00000000
16.81820000 83.00000000
35.81820000 83.00000000
41.72730000 83.00000000
44.36360000 83.00000000
51.00000000 83.00000000
66.36360000 83.00000000
70.36360000 83.00000000
71.63640000 83.00000000
75.81820000 83.00000000
7.54545000 83.09090000
7.63636000 83.09090000
11.09090000 83.09090000
13.09090000 83.09090000
13.18180000 83.09090000
16.81820000 83.09090000
35.81820000 83.09090000
41.72730000 83.09090000
44.36360000 83.09090000
51.00000000 83.09090000
66.36360000 83.09090000
70.36360000 83.09090000
71.63640000 83.09090000
75.81820000 83.09090000
7.54545000 83.18180000
11.09090000 83.18180000
13.18180000 83.18180000
16.81820000 83.18180000
35.81820000 83.18180000
41.72730000 83.18180000
44.36360000 83.18180000
51.00000000 83.18180000
66.36360000 83.18180000
70.36360000 83.18180000
71.63640000 83.18180000
75.81820000 83.18180000
7.54545000 83.27270000
11.00000000 83.27270000
11.09090000 83.27270000
13.18180000 83.27270000
16.81820000 83.27270000
16.90910000 83.27270000
35.81820000 83.27270000
35.90910000 83.27270000
41.72730000 83.27270000
44.36360000 83.27270000
51.00000000 83.27270000
66.36360000 83.27270000
70.36360000 83.27270000
71.63640000 83.27270000
75.81820000 83.27270000
7.54545000 83.36360000
11.00000000 83.36360000
13.18180000 83.36360000
16.90910000 83.36360000
35.90910000 83.36360000
41.72730000 83.36360000
44.36360000 83.36360000
51.00000000 83.36360000
66.36360000 83.36360000
70.36360000 83.36360000
71.63640000 83.36360000
75.81820000 83.36360000
7.54545000 83.45450000
11.00000000 83.45450000
13.18180000 83.45450000
13.27270000 83.45450000
16.90910000 83.45450000
35.90910000 83.45450000
41.72730000 83.45450000
44.36360000 83.45450000
51.00000000 83.45450000
66.36360000 83.45450000
70.36360000 83.45450000
71.63640000 83.45450000
75.81820000 83.45450000
7.54545000 83.54550000
11.00000000 83.54550000
13.27270000 83.54550000
16.90910000 83.54550000
35.90910000 83.54550000
41.72730000 83.54550000
44.36360000 83.54550000
51.00000000 83.54550000
66.36360000 83.54550000
70.36360000 83.54550000
71.63640000 83.54550000
75.81820000 83.54550000
7.54545000 83.63640000
11.00000000 83.63640000
13.27270000 83.63640000
16.90910000 83.63640000
35.90910000 83.63640000
41.72730000 83.63640000
44.36360000 83.63640000
51.00000000 83.63640000
51.09090000 83.63640000
66.36360000 83.63640000
70.36360000 83.63640000
71.63640000 83.63640000
75.81820000 83.63640000
7.54545000 83.72730000
11.00000000 83.72730000
13.27270000 83.72730000
13.36360000 83.72730000
16.90910000 83.72730000
17.00000000 83.72730000
35.90910000 83.72730000
36.00000000 83.72730000
41.63640000 83.72730000
41.72730000 83.72730000
44.36360000 83.72730000
51.09090000 83.72730000
66.36360000 83.72730000
70.27270000 83.72730000
70.36360000 83.72730000
71.63640000 83.72730000
75.81820000 83.72730000
7.54545000 83.81820000
10.90910000 83.81820000
11.00000000 83.81820000
13.36360000 83.81820000
17.00000000 83.81820000
36.00000000 83.81820000
41.63640000 83.81820000
44.36360000 83.81820000
51.09090000 83.81820000
66.36360000 83.81820000
70.27270000 83.81820000
71.63640000 83.81820000
75.81820000 83.81820000
7.54545000 83.90910000
10.90910000 83.90910000
13.36360000 83.90910000
17.00000000 83.90910000
36.00000000 83.90910000
41.63640000 83.90910000
44.36360000 83.90910000
51.09090000 83.90910000
66.36360000 83.90910000
70.27270000 83.90910000
71.63640000 83.90910000
75.81820000 83.90910000
7.45455000 84.00000000
7.54545000 84.00000000
10.90910000 84.00000000
13.36360000 84.00000000
17.00000000 84.00000000
36.00000000 84.00000000
41.63640000 84.00000000
44.36360000 84.00000000
51.09090000 84.00000000
66.36360000 84.00000000
70.27270000 84.00000000
71.63640000 84.00000000
75.81820000 84.00000000
7.45455000 84.09090000
10.90910000 84.09090000
13.36360000 84.09090000
17.00000000 84.09090000
36.00000000 84.09090000
36.09090000 84.09090000
41.63640000 84.09090000
44.36360000 84.09090000
51.09090000 84.09090000
66.36360000 84.09090000
70.27270000 84.09090000
71.63640000 84.09090000
75.72730000 84.09090000
75.81820000 84.09090000
7.45455000 84.18180000
10.90910000 84.18180000
13.36360000 84.18180000
17.00000000 84.18180000
36.09090000 84.18180000
41.63640000 84.18180000
44.36360000 84.18180000
51.09090000 84.18180000
66.36360000 84.18180000
70.27270000 84.18180000
71.63640000 84.18180000
75.72730000 84.18180000
7.45455000 84.27270000
10.90910000 84.27270000
13.36360000 84.27270000
17.00000000 84.27270000
36.09090000 84.27270000
41.63640000 84.27270000
44.36360000 84.27270000
51.09090000 84.27270000
66.36360000 84.27270000
70.27270000 84.27270000
71.63640000 84.27270000
75.72730000 84.27270000
7.45455000 84.36360000
10.90910000 84.36360000
13.36360000 84.36360000
17.00000000 84.36360000
36.09090000 84.36360000
41.63640000 84.36360000
44.36360000 84.36360000
51.09090000 84.36360000
66.36360000 84.36360000
70.18180000 84.36360000
70.27270000 84.36360000
71.63640000 84.36360000
75.72730000 84.36360000
7.45455000 84.45450000
10.90910000 84.45450000
13.36360000 84.45450000
17.00000000 84.45450000
36.09090000 84.45450000
41.63640000 84.45450000
44.36360000 84.45450000
51.09090000 84.45450000
66.36360000 84.45450000
70.18180000 84.45450000
71.63640000 84.45450000
75.72730000 84.45450000
7.45455000 84.54550000
10.90910000 84.54550000
13.36360000 84.54550000
17.00000000 84.54550000
17.09090000 84.54550000
36.09090000 84.54550000
36.18180000 84.54550000
41.63640000 84.54550000
44.36360000 84.54550000
51.09090000 84.54550000
66.36360000 84.54550000
70.18180000 84.54550000
71.63640000 84.54550000
75.72730000 84.54550000
7.45455000 84.63640000
10.90910000 84.63640000
13.36360000 84.63640000
17.09090000 84.63640000
36.18180000 84.63640000
41.63640000 84.63640000
44.36360000 84.63640000
51.09090000 84.63640000
66.36360000 84.63640000
70.18180000 84.63640000
71.63640000 84.63640000
75.72730000 84.63640000
7.45455000 84.72730000
10.90910000 84.72730000
13.36360000 84.72730000
17.09090000 84.72730000
36.18180000 84.72730000
41.54550000 84.72730000
41.63640000 84.72730000
44.36360000 84.72730000
51.09090000 84.72730000
66.36360000 84.72730000
70.18180000 84.72730000
71.63640000 84.72730000
75.72730000 84.72730000
7.45455000 84.81820000
10.90910000 84.81820000
13.36360000 84.81820000
17.09090000 84.81820000
36.18180000 84.81820000
41.54550000 84.81820000
44.36360000 84.81820000
51.09090000 84.81820000
66.36360000 84.81820000
70.18180000 84.81820000
71.63640000 84.81820000
75.63640000 84.81820000
75.72730000 84.81820000
7.45455000 84.90910000
10.90910000 84.90910000
13.36360000 84.90910000
17.09090000 84.90910000
36.18180000 84.90910000
41.54550000 84.90910000
44.36360000 84.90910000
51.09090000 84.90910000
66.36360000 84.90910000
70.09090000 84.90910000
70.18180000 84.90910000
71.63640000 84.90910000
75.63640000 84.90910000
7.36364000 85.00000000
7.45455000 85.00000000
10.90910000 85.00000000
13.36360000 85.00000000
17.09090000 85.00000000
36.18180000 85.00000000
36.27270000 85.00000000
41.54550000 85.00000000
44.36360000 85.00000000
51.09090000 85.00000000
66.36360000 85.00000000
66.45450000 85.00000000
70.09090000 85.00000000
71.63640000 85.00000000
75.63640000 85.00000000
7.36364000 85.09090000
10.90910000 85.09090000
13.36360000 85.09090000
17.09090000 85.09090000
36.27270000 85.09090000
41.54550000 85.09090000
44.36360000 85.09090000
51.09090000 85.09090000
66.45450000 85.09090000
70.09090000 85.09090000
71.63640000 85.09090000
75.63640000 85.09090000
7.36364000 85.18180000
10.90910000 85.18180000
13.36360000 85.18180000
17.09090000 85.18180000
36.27270000 85.18180000
41.54550000 85.18180000
44.36360000 85.18180000
51.09090000 85.18180000
66.45450000 85.18180000
70.09090000 85.18180000
71.63640000 85.18180000
75.63640000 85.18180000
7.36364000 85.27270000
10.90910000 85.27270000
13.36360000 85.27270000
17.09090000 85.27270000
36.27270000 85.27270000
41.54550000 85.27270000
44.36360000 85.27270000
51.09090000 85.27270000
66.45450000 85.27270000
70.09090000 85.27270000
71.63640000 85.27270000
75.63640000 85.27270000
7.36364000 85.36360000
10.90910000 85.36360000
11.00000000 85.36360000
13.36360000 85.36360000
17.09090000 85.36360000
36.27270000 85.36360000
41.54550000 85.36360000
44.36360000 85.36360000
51.09090000 85.36360000
66.45450000 85.36360000
70.09090000 85.36360000
71.63640000 85.36360000
75.63640000 85.36360000
7.36364000 85.45450000
11.00000000 85.45450000
13.36360000 85.45450000
17.09090000 85.45450000
36.27270000 85.45450000
41.54550000 85.45450000
44.36360000 85.45450000
51.09090000 85.45450000
66.45450000 85.45450000
70.09090000 85.45450000
71.63640000 85.45450000
75.54550000 85.45450000
75.63640000 85.45450000
7.36364000 85.54550000
11.00000000 85.54550000
13.36360000 85.54550000
17.09090000 85.54550000
36.27270000 85.54550000
41.54550000 85.54550000
44.36360000 85.54550000
51.09090000 85.54550000
66.45450000 85.54550000
70.00000000 85.54550000
70.09090000 85.54550000
71.63640000 85.54550000
75.54550000 85.54550000
7.36364000 85.63640000
11.00000000 85.63640000
13.36360000 85.63640000
17.09090000 85.63640000
36.27270000 85.63640000
41.54550000 85.63640000
44.36360000 85.63640000
51.00000000 85.63640000
51.09090000 85.63640000
66.45450000 85.63640000
70.00000000 85.63640000
71.63640000 85.63640000
75.54550000 85.63640000
7.36364000 85.72730000
11.00000000 85.72730000
13.36360000 85.72730000
17.09090000 85.72730000
36.27270000 85.72730000
41.45450000 85.72730000
41.54550000 85.72730000
44.36360000 85.72730000
51.00000000 85.72730000
66.45450000 85.72730000
70.00000000 85.72730000
71.63640000 85.72730000
75.54550000 85.72730000
7.36364000 85.81820000
11.00000000 85.81820000
13.36360000 85.81820000
17.09090000 85.81820000
36.27270000 85.81820000
41.45450000 85.81820000
44.36360000 85.81820000
51.00000000 85.81820000
66.45450000 85.81820000
70.00000000 85.81820000
71.63640000 85.81820000
75.45450000 85.81820000
75.54550000 85.81820000
7.36364000 85.90910000
11.00000000 85.90910000
13.36360000 85.90910000
17.09090000 85.90910000
36.27270000 85.90910000
41.45450000 85.90910000
44.36360000 85.90910000
51.00000000 85.90910000
66.45450000 85.90910000
70.00000000 85.90910000
71.63640000 85.90910000
75.45450000 85.90910000
7.36364000 86.00000000
7.45455000 86.00000000
11.00000000 86.00000000
13.36360000 86.00000000
17.09090000 86.00000000
36.27270000 86.00000000
41.45450000 86.00000000
44.36360000 86.00000000
51.00000000 86.00000000
66.45450000 86.00000000
69.90910000 86.00000000
70.00000000 86.00000000
71.63640000 86.00000000
75.45450000 86.00000000
7.45455000 86.09090000
11.00000000 86.09090000
13.36360000 86.09090000
17.09090000 86.09090000
36.27270000 86.09090000
41.45450000 86.09090000
44.36360000 86.09090000
51.00000000 86.09090000
66.45450000 86.09090000
69.90910000 86.09090000
71.63640000 86.09090000
71.72730000 86.09090000
75.45450000 86.09090000
7.45455000 86.18180000
11.00000000 86.18180000
13.36360000 86.18180000
17.09090000 86.18180000
36.27270000 86.18180000
41.45450000 86.18180000
44.36360000 86.18180000
51.00000000 86.18180000
66.45450000 86.18180000
69.90910000 86.18180000
71.72730000 86.18180000
75.45450000 86.18180000
7.45455000 86.27270000
11.00000000 86.27270000
11.09090000 86.27270000
13.36360000 86.27270000
17.09090000 86.27270000
36.27270000 86.27270000
41.45450000 86.27270000
44.36360000 86.27270000
51.00000000 86.27270000
66.45450000 86.27270000
66.54550000 86.27270000
69.90910000 86.27270000
71.72730000 86.27270000
75.36360000 86.27270000
75.45450000 86.27270000
7.45455000 86.36360000
11.09090000 86.36360000
13.36360000 86.36360000
13.45450000 86.36360000
17.09090000 86.36360000
36.27270000 86.36360000
41.45450000 86.36360000
44.36360000 86.36360000
51.00000000 86.36360000
66.54550000 86.36360000
69.90910000 86.36360000
71.72730000 86.36360000
75.36360000 86.36360000
7.45455000 86.45450000
11.09090000 86.45450000
13.45450000 86.45450000
17.09090000 86.45450000
36.18180000 86.45450000
36.27270000 86.45450000
41.45450000 86.45450000
44.36360000 86.45450000
51.00000000 86.45450000
66.54550000 86.45450000
69.81820000 86.45450000
69.90910000 86.45450000
71.72730000 86.45450000
75.36360000 86.45450000
7.45455000 86.54550000
11.09090000 86.54550000
13.45450000 86.54550000
17.09090000 86.54550000
36.18180000 86.54550000
41.45450000 86.54550000
44.36360000 86.54550000
51.00000000 86.54550000
66.54550000 86.54550000
69.81820000 86.54550000
71.72730000 86.54550000
75.36360000 86.54550000
7.45455000 86.63640000
11.09090000 86.63640000
13.45450000 86.63640000
17.09090000 86.63640000
36.18180000 86.63640000
41.45450000 86.63640000
44.36360000 86.63640000
51.00000000 86.63640000
66.54550000 86.63640000
69.81820000 86.63640000
71.72730000 86.63640000
75.36360000 86.63640000
7.45455000 86.72730000
11.09090000 86.72730000
13.45450000 86.72730000
17.00000000 86.72730000
17.09090000 86.72730000
36.18180000 86.72730000
41.45450000 86.72730000
44.36360000 86.72730000
50.90910000 86.72730000
51.00000000 86.72730000
66.54550000 86.72730000
69.81820000 86.72730000
71.72730000 86.72730000
75.27270000 86.72730000
75.36360000 86.72730000
7.45455000 86.81820000
11.09090000 86.81820000
13.45450000 86.81820000
17.00000000 86.81820000
36.18180000 86.81820000
41.36360000 86.81820000
41.45450000 86.81820000
44.36360000 86.81820000
50.90910000 86.81820000
66.54550000 86.81820000
69.81820000 86.81820000
71.72730000 86.81820000
75.27270000 86.81820000
7.45455000 86.90910000
11.09090000 86.90910000
13.45450000 86.90910000
17.00000000 86.90910000
36.18180000 86.90910000
41.36360000 86.90910000
44.36360000 86.90910000
50.90910000 86.90910000
66.54550000 86.90910000
69.72730000 86.90910000
69.81820000 86.90910000
71.72730000 86.90910000
75.27270000 86.90910000
7.45455000 87.00000000
11.09090000 87.00000000
13.45450000 87.00000000
13.54550000 87.00000000
17.00000000 87.00000000
36.09090000 87.00000000
36.18180000 87.00000000
41.36360000 87.00000000
44.36360000 87.00000000
50.90910000 87.00000000
66.54550000 87.00000000
69.72730000 87.00000000
71.72730000 87.00000000
75.27270000 87.00000000
7.45455000 87.09090000
11.09090000 87.09090000
13.54550000 87.09090000
17.00000000 87.09090000
36.09090000 87.09090000
41.36360000 87.09090000
44.36360000 87.09090000
50.90910000 87.09090000
66.54550000 87.09090000
69.72730000 87.09090000
71.72730000 87.09090000
71.81820000 87.09090000
75.18180000 87.09090000
75.27270000 87.09090000
7.45455000 87.18180000
11.09090000 87.18180000
13.54550000 87.18180000
17.00000000 87.18180000
36.09090000 87.18180000
41.36360000 87.18180000
44.36360000 87.18180000
50.90910000 87.18180000
66.54550000 87.18180000
66.63640000 87.18180000
69.72730000 87.18180000
71.81820000 87.18180000
75.18180000 87.18180000
7.45455000 87.27270000
11.09090000 87.27270000
13.54550000 87.27270000
17.00000000 87.27270000
36.09090000 87.27270000
41.36360000 87.27270000
44.36360000 87.27270000
50.90910000 87.27270000
66.63640000 87.27270000
69.63640000 87.27270000
69.72730000 87.27270000
71.81820000 87.27270000
75.18180000 87.27270000
7.45455000 87.36360000
11.09090000 87.36360000
13.54550000 87.36360000
17.00000000 87.36360000
36.00000000 87.36360000
36.09090000 87.36360000
41.36360000 87.36360000
44.36360000 87.36360000
50.90910000 87.36360000
66.63640000 87.36360000
69.63640000 87.36360000
71.81820000 87.36360000
75.18180000 87.36360000
7.45455000 87.45450000
11.09090000 87.45450000
13.54550000 87.45450000
13.63640000 87.45450000
17.00000000 87.45450000
36.00000000 87.45450000
41.36360000 87.45450000
44.36360000 87.45450000
50.90910000 87.45450000
66.63640000 87.45450000
69.63640000 87.45450000
71.81820000 87.45450000
75.18180000 87.45450000
7.45455000 87.54550000
11.09090000 87.54550000
11.18180000 87.54550000
13.63640000 87.54550000
17.00000000 87.54550000
36.00000000 87.54550000
41.36360000 87.54550000
44.36360000 87.54550000
50.90910000 87.54550000
66.63640000 87.54550000
69.63640000 87.54550000
71.81820000 87.54550000
75.09090000 87.54550000
75.18180000 87.54550000
7.45455000 87.63640000
11.18180000 87.63640000
13.63640000 87.63640000
17.00000000 87.63640000
36.00000000 87.63640000
41.36360000 87.63640000
44.36360000 87.63640000
50.90910000 87.63640000
66.63640000 87.63640000
69.63640000 87.63640000
71.81820000 87.63640000
75.09090000 87.63640000
7.45455000 87.72730000
11.18180000 87.72730000
13.63640000 87.72730000
17.00000000 87.72730000
36.00000000 87.72730000
41.36360000 87.72730000
44.36360000 87.72730000
50.90910000 87.72730000
66.63640000 87.72730000
69.54550000 87.72730000
69.63640000 87.72730000
71.81820000 87.72730000
75.09090000 87.72730000
7.45455000 87.81820000
11.18180000 87.81820000
13.63640000 87.81820000
17.00000000 87.81820000
35.90910000 87.81820000
36.00000000 87.81820000
41.36360000 87.81820000
44.36360000 87.81820000
50.90910000 87.81820000
66.63640000 87.81820000
69.54550000 87.81820000
71.81820000 87.81820000
71.90910000 87.81820000
75.09090000 87.81820000
7.45455000 87.90910000
11.18180000 87.90910000
13.63640000 87.90910000
17.00000000 87.90910000
35.90910000 87.90910000
41.36360000 87.90910000
44.36360000 87.90910000
50.90910000 87.90910000
66.63640000 87.90910000
66.72730000 87.90910000
69.54550000 87.90910000
71.90910000 87.90910000
75.00000000 87.90910000
75.09090000 87.90910000
7.45455000 88.00000000
7.54545000 88.00000000
11.18180000 88.00000000
13.63640000 88.00000000
17.00000000 88.00000000
35.90910000 88.00000000
41.36360000 88.00000000
44.36360000 88.00000000
50.90910000 88.00000000
66.72730000 88.00000000
69.54550000 88.00000000
71.90910000 88.00000000
75.00000000 88.00000000
7.54545000 88.09090000
11.18180000 88.09090000
13.63640000 88.09090000
17.00000000 88.09090000
35.90910000 88.09090000
41.36360000 88.09090000
44.36360000 88.09090000
50.90910000 88.09090000
66.72730000 88.09090000
69.54550000 88.09090000
71.90910000 88.09090000
75.00000000 88.09090000
7.54545000 88.18180000
11.18180000 88.18180000
13.63640000 88.18180000
13.72730000 88.18180000
17.00000000 88.18180000
35.90910000 88.18180000
41.36360000 88.18180000
44.36360000 88.18180000
50.90910000 88.18180000
66.72730000 88.18180000
69.45450000 88.18180000
69.54550000 88.18180000
71.90910000 88.18180000
75.00000000 88.18180000
7.54545000 88.27270000
11.09090000 88.27270000
11.18180000 88.27270000
13.72730000 88.27270000
17.00000000 88.27270000
35.90910000 88.27270000
41.36360000 88.27270000
44.36360000 88.27270000
50.90910000 88.27270000
66.72730000 88.27270000
69.45450000 88.27270000
71.90910000 88.27270000
74.90910000 88.27270000
75.00000000 88.27270000
7.54545000 88.36360000
7.63636000 88.36360000
11.09090000 88.36360000
13.72730000 88.36360000
17.00000000 88.36360000
35.90910000 88.36360000
41.36360000 88.36360000
44.36360000 88.36360000
50.90910000 88.36360000
66.72730000 88.36360000
69.45450000 88.36360000
71.90910000 88.36360000
74.90910000 88.36360000
7.63636000 88.45450000
11.09090000 88.45450000
13.72730000 88.45450000
17.00000000 88.45450000
35.90910000 88.45450000
41.36360000 88.45450000
44.36360000 88.45450000
50.90910000 88.45450000
66.72730000 88.45450000
69.45450000 88.45450000
71.90910000 88.45450000
74.90910000 88.45450000
7.63636000 88.54550000
11.09090000 88.54550000
13.72730000 88.54550000
16.90910000 88.54550000
17.00000000 88.54550000
35.90910000 88.54550000
41.36360000 88.54550000
44.36360000 88.54550000
50.90910000 88.54550000
66.72730000 88.54550000
66.81820000 88.54550000
69.45450000 88.54550000
71.90910000 88.54550000
72.00000000 88.54550000
74.90910000 88.54550000
7.63636000 88.63640000
7.72727000 88.63640000
11.00000000 88.63640000
11.09090000 88.63640000
13.63640000 88.63640000
13.72730000 88.63640000
16.90910000 88.63640000
35.90910000 88.63640000
41.27270000 88.63640000
41.36360000 88.63640000
44.36360000 88.63640000
50.90910000 88.63640000
66.81820000 88.63640000
69.45450000 88.63640000
72.00000000 88.63640000
74.90910000 88.63640000
7.72727000 88.72730000
11.00000000 88.72730000
13.63640000 88.72730000
16.90910000 88.72730000
35.90910000 88.72730000
41.27270000 88.72730000
44.36360000 88.72730000
50.90910000 88.72730000
66.81820000 88.72730000
69.36360000 88.72730000
69.45450000 88.72730000
72.00000000 88.72730000
74.81820000 88.72730000
74.90910000 88.72730000
7.72727000 88.81820000
11.00000000 88.81820000
13.63640000 88.81820000
16.90910000 88.81820000
35.90910000 88.81820000
41.27270000 88.81820000
44.36360000 88.81820000
50.90910000 88.81820000
66.81820000 88.81820000
69.36360000 88.81820000
72.00000000 88.81820000
74.81820000 88.81820000
7.72727000 88.90910000
11.00000000 88.90910000
13.63640000 88.90910000
16.90910000 88.90910000
35.90910000 88.90910000
41.27270000 88.90910000
44.36360000 88.90910000
50.90910000 88.90910000
66.81820000 88.90910000
69.36360000 88.90910000
72.00000000 88.90910000
74.81820000 88.90910000
7.72727000 89.00000000
7.81818000 89.00000000
10.90910000 89.00000000
11.00000000 89.00000000
13.63640000 89.00000000
16.90910000 89.00000000
35.90910000 89.00000000
41.27270000 89.00000000
44.36360000 89.00000000
50.90910000 89.00000000
51.00000000 89.00000000
66.81820000 89.00000000
69.36360000 89.00000000
72.00000000 89.00000000
74.81820000 89.00000000
7.81818000 89.09090000
10.90910000 89.09090000
13.63640000 89.09090000
16.90910000 89.09090000
35.90910000 89.09090000
41.27270000 89.09090000
44.36360000 89.09090000
51.00000000 89.09090000
66.81820000 89.09090000
69.36360000 89.09090000
72.00000000 89.09090000
74.72730000 89.09090000
74.81820000 89.09090000
7.81818000 89.18180000
10.90910000 89.18180000
13.63640000 89.18180000
16.90910000 89.18180000
35.90910000 89.18180000
41.27270000 89.18180000
44.36360000 89.18180000
51.00000000 89.18180000
66.81820000 89.18180000
66.90910000 89.18180000
69.36360000 89.18180000
72.00000000 89.18180000
74.72730000 89.18180000
7.81818000 89.27270000
10.81820000 89.27270000
10.90910000 89.27270000
13.63640000 89.27270000
16.81820000 89.27270000
16.90910000 89.27270000
35.90910000 89.27270000
41.27270000 89.27270000
44.36360000 89.27270000
51.00000000 89.27270000
66.90910000 89.27270000
69.36360000 89.27270000
72.00000000 89.27270000
72.09090000 89.27270000
74.72730000 89.27270000
7.81818000 89.36360000
7.90909000 89.36360000
10.81820000 89.36360000
13.54550000 89.36360000
13.63640000 89.36360000
16.81820000 89.36360000
35.90910000 89.36360000
41.27270000 89.36360000
44.36360000 89.36360000
51.00000000 89.36360000
66.90910000 89.36360000
69.27270000 89.36360000
69.36360000 89.36360000
72.09090000 89.36360000
74.72730000 89.36360000
7.90909000 89.45450000
10.81820000 89.45450000
13.54550000 89.45450000
16.81820000 89.45450000
35.90910000 89.45450000
41.27270000 89.45450000
44.36360000 89.45450000
51.00000000 89.45450000
66.90910000 89.45450000
69.27270000 89.45450000
72.09090000 89.45450000
74.63640000 89.45450000
74.72730000 89.45450000
7.90909000 89.54550000
10.81820000 89.54550000
13.54550000 89.54550000
16.81820000 89.54550000
35.90910000 89.54550000
41.27270000 89.54550000
44.36360000 89.54550000
51.00000000 89.54550000
66.90910000 89.54550000
69.27270000 89.54550000
72.09090000 89.54550000
74.63640000 89.54550000
7.90909000 89.63640000
10.72730000 89.63640000
10.81820000 89.63640000
13.54550000 89.63640000
16.81820000 89.63640000
35.90910000 89.63640000
41.27270000 89.63640000
44.36360000 89.63640000
51.00000000 89.63640000
66.90910000 89.63640000
69.27270000 89.63640000
72.09090000 89.63640000
74.63640000 89.63640000
7.90909000 89.72730000
10.72730000 89.72730000
13.54550000 89.72730000
16.81820000 89.72730000
35.90910000 89.72730000
41.27270000 89.72730000
44.36360000 89.72730000
51.00000000 89.72730000
66.90910000 89.72730000
69.27270000 89.72730000
72.09090000 89.72730000
74.63640000 89.72730000
7.90909000 89.81820000
10.72730000 89.81820000
13.54550000 89.81820000
16.81820000 89.81820000
35.90910000 89.81820000
41.27270000 89.81820000
44.36360000 89.81820000
51.00000000 89.81820000
66.90910000 89.81820000
67.00000000 89.81820000
69.27270000 89.81820000
72.09090000 89.81820000
74.54550000 89.81820000
74.63640000 89.81820000
7.90909000 89.90910000
8.00000000 89.90910000
10.72730000 89.90910000
13.54550000 89.90910000
13.63640000 89.90910000
16.81820000 89.90910000
35.90910000 89.90910000
41.27270000 89.90910000
44.36360000 89.90910000
51.00000000 89.90910000
67.00000000 89.90910000
69.27270000 89.90910000
72.09090000 89.90910000
74.54550000 89.90910000
8.00000000 90.00000000
10.72730000 90.00000000
13.63640000 90.00000000
16.81820000 90.00000000
35.90910000 90.00000000
41.27270000 90.00000000
44.36360000 90.00000000
50.90910000 90.00000000
51.00000000 90.00000000
67.00000000 90.00000000
69.27270000 90.00000000
72.09090000 90.00000000
74.54550000 90.00000000
8.00000000 90.09090000
10.72730000 90.09090000
13.63640000 90.09090000
16.72730000 90.09090000
16.81820000 90.09090000
35.90910000 90.09090000
41.27270000 90.09090000
44.36360000 90.09090000
50.90910000 90.09090000
67.00000000 90.09090000
69.27270000 90.09090000
72.09090000 90.09090000
74.54550000 90.09090000
8.00000000 90.18180000
10.72730000 90.18180000
13.63640000 90.18180000
13.72730000 90.18180000
16.72730000 90.18180000
35.90910000 90.18180000
41.27270000 90.18180000
44.36360000 90.18180000
50.90910000 90.18180000
67.00000000 90.18180000
69.27270000 90.18180000
72.09090000 90.18180000
74.54550000 90.18180000
8.00000000 90.27270000
8.09091000 90.27270000
10.72730000 90.27270000
13.72730000 90.27270000
16.72730000 90.27270000
35.90910000 90.27270000
41.27270000 90.27270000
44.36360000 90.27270000
50.90910000 90.27270000
67.00000000 90.27270000
69.27270000 90.27270000
72.09090000 90.27270000
74.45450000 90.27270000
74.54550000 90.27270000
8.09091000 90.36360000
10.72730000 90.36360000
10.81820000 90.36360000
13.72730000 90.36360000
13.81820000 90.36360000
16.72730000 90.36360000
35.90910000 90.36360000
41.27270000 90.36360000
44.36360000 90.36360000
50.90910000 90.36360000
67.00000000 90.36360000
69.18180000 90.36360000
69.27270000 90.36360000
72.09090000 90.36360000
74.45450000 90.36360000
8.09091000 90.45450000
10.81820000 90.45450000
13.81820000 90.45450000
16.72730000 90.45450000
35.90910000 90.45450000
41.27270000 90.45450000
44.36360000 90.45450000
50.81820000 90.45450000
50.90910000 90.45450000
67.00000000 90.45450000
69.18180000 90.45450000
72.00000000 90.45450000
72.09090000 90.45450000
74.45450000 90.45450000
8.09091000 90.54550000
10.81820000 90.54550000
10.90910000 90.54550000
13.81820000 90.54550000
16.72730000 90.54550000
35.90910000 90.54550000
36.00000000 90.54550000
41.27270000 90.54550000
44.36360000 90.54550000
50.81820000 90.54550000
67.00000000 90.54550000
69.18180000 90.54550000
72.00000000 90.54550000
74.45450000 90.54550000
8.09091000 90.63640000
8.18182000 90.63640000
10.90910000 90.63640000
11.00000000 90.63640000
13.81820000 90.63640000
13.90910000 90.63640000
16.72730000 90.63640000
36.00000000 90.63640000
41.27270000 90.63640000
44.36360000 90.63640000
50.81820000 90.63640000
67.00000000 90.63640000
67.09090000 90.63640000
69.18180000 90.63640000
72.00000000 90.63640000
74.36360000 90.63640000
74.45450000 90.63640000
8.18182000 90.72730000
11.00000000 90.72730000
11.09090000 90.72730000
11.18180000 90.72730000
13.90910000 90.72730000
16.72730000 90.72730000
36.00000000 90.72730000
41.27270000 90.72730000
44.36360000 90.72730000
50.81820000 90.72730000
67.09090000 90.72730000
69.18180000 90.72730000
72.00000000 90.72730000
74.36360000 90.72730000
8.18182000 90.81820000
11.18180000 90.81820000
11.27270000 90.81820000
11.36360000 90.81820000
13.90910000 90.81820000
16.63640000 90.81820000
16.72730000 90.81820000
36.00000000 90.81820000
41.27270000 90.81820000
41.36360000 90.81820000
44.36360000 90.81820000
50.72730000 90.81820000
50.81820000 90.81820000
67.09090000 90.81820000
69.18180000 90.81820000
72.00000000 90.81820000
74.36360000 90.81820000
8.18182000 90.90910000
11.36360000 90.90910000
11.45450000 90.90910000
11.54550000 90.90910000
13.90910000 90.90910000
16.63640000 90.90910000
36.00000000 90.90910000
41.36360000 90.90910000
44.36360000 90.90910000
50.72730000 90.90910000
67.09090000 90.90910000
69.18180000 90.90910000
72.00000000 90.90910000
74.36360000 90.90910000
8.09091000 91.00000000
8.18182000 91.00000000
11.54550000 91.00000000
11.63640000 91.00000000
13.81820000 91.00000000
13.90910000 91.00000000
16.63640000 91.00000000
16.72730000 91.00000000
16.81820000 91.00000000
16.90910000 91.00000000
36.00000000 91.00000000
41.36360000 91.00000000
44.36360000 91.00000000
50.72730000 91.00000000
67.09090000 91.00000000
69.18180000 91.00000000
71.90910000 91.00000000
72.00000000 91.00000000
74.36360000 91.00000000
8.00000000 91.09090000
8.09091000 91.09090000
11.63640000 91.09090000
13.63640000 91.09090000
13.72730000 91.09090000
13.81820000 91.09090000
16.90910000 91.09090000
17.00000000 91.09090000
17.09090000 91.09090000
17.18180000 91.09090000
36.00000000 91.09090000
41.36360000 91.09090000
44.36360000 91.09090000
44.45450000 91.09090000
50.72730000 91.09090000
67.09090000 91.09090000
69.18180000 91.09090000
71.90910000 91.09090000
74.36360000 91.09090000
8.00000000 91.18180000
11.63640000 91.18180000
13.54550000 91.18180000
13.63640000 91.18180000
17.18180000 91.18180000
17.27270000 91.18180000
36.00000000 91.18180000
41.36360000 91.18180000
44.45450000 91.18180000
50.72730000 91.18180000
67.09090000 91.18180000
69.18180000 91.18180000
69.27270000 91.18180000
71.90910000 91.18180000
74.36360000 91.18180000
7.90909000 91.27270000
8.00000000 91.27270000
11.63640000 91.27270000
11.72730000 91.27270000
13.45450000 91.27270000
13.54550000 91.27270000
17.27270000 91.27270000
36.00000000 91.27270000
41.36360000 91.27270000
44.45450000 91.27270000
50.63640000 91.27270000
50.72730000 91.27270000
67.09090000 91.27270000
69.27270000 91.27270000
71.90910000 91.27270000
74.36360000 91.27270000
7.90909000 91.36360000
11.72730000 91.36360000
13.45450000 91.36360000
17.27270000 91.36360000
36.00000000 91.36360000
41.36360000 91.36360000
44.45450000 91.36360000
50.63640000 91.36360000
67.09090000 91.36360000
69.27270000 91.36360000
71.81820000 91.36360000
71.90910000 91.36360000
74.36360000 91.36360000
7.90909000 91.45450000
11.72730000 91.45450000
13.36360000 91.45450000
13.45450000 91.45450000
17.27270000 91.45450000
36.00000000 91.45450000
36.09090000 91.45450000
41.27270000 91.45450000
41.36360000 91.45450000
44.45450000 91.45450000
44.54550000 91.45450000
50.63640000 91.45450000
67.09090000 91.45450000
69.27270000 91.45450000
71.81820000 91.45450000
74.36360000 91.45450000
7.90909000 91.54550000
11.72730000 91.54550000
13.36360000 91.54550000
17.27270000 91.54550000
36.00000000 91.54550000
36.09090000 91.54550000
41.27270000 91.54550000
44.54550000 91.54550000
50.63640000 91.54550000
67.09090000 91.54550000
69.27270000 91.54550000
71.81820000 91.54550000
74.36360000 91.54550000
7.90909000 91.63640000
11.72730000 91.63640000
13.36360000 91.63640000
17.27270000 91.63640000
36.00000000 91.63640000
41.27270000 91.63640000
44.54550000 91.63640000
50.54550000 91.63640000
50.63640000 91.63640000
67.00000000 91.63640000
67.09090000 91.63640000
69.27270000 91.63640000
71.81820000 91.63640000
74.36360000 91.63640000
7.90909000 91.72730000
11.72730000 91.72730000
13.36360000 91.72730000
17.27270000 91.72730000
36.00000000 91.72730000
41.27270000 91.72730000
44.54550000 91.72730000
44.63640000 91.72730000
50.54550000 91.72730000
67.00000000 91.72730000
69.27270000 91.72730000
71.81820000 91.72730000
74.36360000 91.72730000
7.90909000 91.81820000
11.72730000 91.81820000
13.36360000 91.81820000
17.27270000 91.81820000
36.00000000 91.81820000
41.27270000 91.81820000
44.63640000 91.81820000
44.72730000 91.81820000
50.54550000 91.81820000
67.00000000 91.81820000
69.27270000 91.81820000
71.72730000 91.81820000
71.81820000 91.81820000
74.36360000 91.81820000
7.90909000 91.90910000
11.72730000 91.90910000
13.36360000 91.90910000
17.27270000 91.90910000
36.00000000 91.90910000
41.27270000 91.90910000
44.72730000 91.90910000
50.54550000 91.90910000
67.00000000 91.90910000
69.27270000 91.90910000
69.36360000 91.90910000
71.72730000 91.90910000
74.36360000 91.90910000
7.90909000 92.00000000
11.72730000 92.00000000
13.36360000 92.00000000
17.27270000 92.00000000
36.00000000 92.00000000
41.18180000 92.00000000
41.27270000 92.00000000
44.72730000 92.00000000
44.81820000 92.00000000
50.45450000 92.00000000
50.54550000 92.00000000
67.00000000 92.00000000
69.36360000 92.00000000
71.72730000 92.00000000
74.36360000 92.00000000
7.54545000 92.09090000
7.63636000 92.09090000
7.72727000 92.09090000
7.81818000 92.09090000
7.90909000 92.09090000
11.72730000 92.09090000
13.36360000 92.09090000
17.27270000 92.09090000
36.00000000 92.09090000
41.18180000 92.09090000
44.81820000 92.09090000
44.90910000 92.09090000
50.45450000 92.09090000
67.00000000 92.09090000
69.36360000 92.09090000
71.63640000 92.09090000
71.72730000 92.09090000
74.36360000 92.09090000
7.36364000 92.18180000
7.45455000 92.18180000
7.54545000 92.18180000
11.63640000 92.18180000
11.72730000 92.18180000
13.36360000 92.18180000
17.18180000 92.18180000
17.27270000 92.18180000
36.00000000 92.18180000
41.09090000 92.18180000
41.18180000 92.18180000
44.90910000 92.18180000
45.00000000 92.18180000
50.45450000 92.18180000
67.00000000 92.18180000
69.36360000 92.18180000
71.63640000 92.18180000
74.36360000 92.18180000
74.45450000 92.18180000
7.27273000 92.27270000
7.36364000 92.27270000
11.63640000 92.27270000
13.36360000 92.27270000
13.45450000 92.27270000
17.18180000 92.27270000
36.00000000 92.27270000
41.09090000 92.27270000
45.00000000 92.27270000
45.09090000 92.27270000
50.36360000 92.27270000
50.45450000 92.27270000
66.90910000 92.27270000
67.00000000 92.27270000
69.36360000 92.27270000
71.63640000 92.27270000
74.45450000 92.27270000
7.18182000 92.36360000
7.27273000 92.36360000
11.63640000 92.36360000
13.45450000 92.36360000
17.18180000 92.36360000
36.00000000 92.36360000
40.90910000 92.36360000
41.00000000 92.36360000
41.09090000 92.36360000
45.09090000 92.36360000
45.18180000 92.36360000
45.27270000 92.36360000
50.36360000 92.36360000
66.90910000 92.36360000
69.36360000 92.36360000
71.63640000 92.36360000
74.45450000 92.36360000
7.18182000 92.45450000
11.63640000 92.45450000
13.45450000 92.45450000
17.18180000 92.45450000
36.00000000 92.45450000
40.81820000 92.45450000
40.90910000 92.45450000
45.27270000 92.45450000
45.36360000 92.45450000
50.36360000 92.45450000
66.90910000 92.45450000
69.36360000 92.45450000
69.45450000 92.45450000
71.54550000 92.45450000
71.63640000 92.45450000
74.45450000 92.45450000
7.18182000 92.54550000
11.63640000 92.54550000
13.45450000 92.54550000
17.18180000 92.54550000
36.00000000 92.54550000
40.72730000 92.54550000
40.81820000 92.54550000
45.36360000 92.54550000
45.45450000 92.54550000
50.36360000 92.54550000
66.81820000 92.54550000
66.90910000 92.54550000
69.45450000 92.54550000
71.54550000 92.54550000
74.45450000 92.54550000
7.18182000 92.63640000
11.63640000 92.63640000
13.45450000 92.63640000
13.54550000 92.63640000
17.18180000 92.63640000
17.27270000 92.63640000
36.00000000 92.63640000
40.54550000 92.63640000
40.63640000 92.63640000
40.72730000 92.63640000
45.45450000 92.63640000
50.27270000 92.63640000
50.36360000 92.63640000
66.81820000 92.63640000
69.45450000 92.63640000
71.54550000 92.63640000
74.45450000 92.63640000
74.54550000 92.63640000
7.18182000 92.72730000
11.63640000 92.72730000
13.54550000 92.72730000
17.27270000 92.72730000
35.90910000 92.72730000
36.00000000 92.72730000
40.54550000 92.72730000
45.45450000 92.72730000
45.54550000 92.72730000
50.27270000 92.72730000
66.81820000 92.72730000
69.45450000 92.72730000
71.54550000 92.72730000
74.54550000 92.72730000
7.18182000 92.81820000
11.63640000 92.81820000
13.54550000 92.81820000
17.27270000 92.81820000
35.90910000 92.81820000
40.45450000 92.81820000
40.54550000 92.81820000
45.54550000 92.81820000
45.63640000 92.81820000
50.27270000 92.81820000
66.72730000 92.81820000
66.81820000 92.81820000
69.45450000 92.81820000
71.45450000 92.81820000
71.54550000 92.81820000
74.54550000 92.81820000
7.18182000 92.90910000
7.27273000 92.90910000
11.63640000 92.90910000
13.54550000 92.90910000
17.27270000 92.90910000
17.36360000 92.90910000
35.90910000 92.90910000
40.45450000 92.90910000
45.63640000 92.90910000
50.18180000 92.90910000
50.27270000 92.90910000
66.72730000 92.90910000
69.45450000 92.90910000
69.54550000 92.90910000
71.45450000 92.90910000
74.54550000 92.90910000
7.27273000 93.00000000
7.36364000 93.00000000
11.63640000 93.00000000
13.54550000 93.00000000
17.36360000 93.00000000
17.45450000 93.00000000
35.90910000 93.00000000
40.36360000 93.00000000
40.45450000 93.00000000
45.63640000 93.00000000
50.18180000 93.00000000
66.63640000 93.00000000
66.72730000 93.00000000
69.54550000 93.00000000
71.45450000 93.00000000
74.54550000 93.00000000
7.36364000 93.09090000
7.45455000 93.09090000
11.63640000 93.09090000
13.54550000 93.09090000
17.45450000 93.09090000
17.54550000 93.09090000
35.81820000 93.09090000
35.90910000 93.09090000
40.36360000 93.09090000
45.63640000 93.09090000
45.72730000 93.09090000
50.09090000 93.09090000
50.18180000 93.09090000
66.63640000 93.09090000
69.54550000 93.09090000
71.45450000 93.09090000
74.54550000 93.09090000
74.63640000 93.09090000
7.45455000 93.18180000
7.54545000 93.18180000
7.63636000 93.18180000
11.63640000 93.18180000
13.54550000 93.18180000
13.63640000 93.18180000
17.54550000 93.18180000
17.63640000 93.18180000
35.81820000 93.18180000
40.36360000 93.18180000
45.72730000 93.18180000
50.09090000 93.18180000
66.54550000 93.18180000
66.63640000 93.18180000
69.54550000 93.18180000
71.45450000 93.18180000
74.63640000 93.18180000
7.63636000 93.27270000
7.72727000 93.27270000
7.81818000 93.27270000
11.63640000 93.27270000
13.63640000 93.27270000
17.63640000 93.27270000
17.72730000 93.27270000
35.81820000 93.27270000
40.36360000 93.27270000
45.72730000 93.27270000
50.00000000 93.27270000
50.09090000 93.27270000
66.45450000 93.27270000
66.54550000 93.27270000
69.54550000 93.27270000
71.36360000 93.27270000
71.45450000 93.27270000
74.63640000 93.27270000
7.81818000 93.36360000
7.90909000 93.36360000
11.63640000 93.36360000
13.63640000 93.36360000
17.72730000 93.36360000
17.81820000 93.36360000
35.81820000 93.36360000
40.36360000 93.36360000
45.72730000 93.36360000
50.00000000 93.36360000
65.36360000 93.36360000
65.45450000 93.36360000
65.54550000 93.36360000
66.36360000 93.36360000
66.45450000 93.36360000
69.54550000 93.36360000
71.36360000 93.36360000
74.63640000 93.36360000
7.90909000 93.45450000
11.63640000 93.45450000
13.63640000 93.45450000
17.81820000 93.45450000
17.90910000 93.45450000
18.00000000 93.45450000
35.81820000 93.45450000
40.36360000 93.45450000
45.72730000 93.45450000
45.81820000 93.45450000
49.90910000 93.45450000
50.00000000 93.45450000
65.36360000 93.45450000
65.54550000 93.45450000
66.27270000 93.45450000
66.36360000 93.45450000
69.54550000 93.45450000
69.63640000 93.45450000
71.36360000 93.45450000
74.63640000 93.45450000
7.90909000 93.54550000
11.63640000 93.54550000
13.63640000 93.54550000
18.00000000 93.54550000
18.09090000 93.54550000
35.72730000 93.54550000
35.81820000 93.54550000
40.36360000 93.54550000
45.81820000 93.54550000
49.90910000 93.54550000
65.36360000 93.54550000
65.54550000 93.54550000
66.18180000 93.54550000
66.27270000 93.54550000
69.63640000 93.54550000
71.36360000 93.54550000
74.63640000 93.54550000
74.72730000 93.54550000
7.90909000 93.63640000
11.63640000 93.63640000
13.63640000 93.63640000
18.09090000 93.63640000
18.18180000 93.63640000
35.72730000 93.63640000
40.36360000 93.63640000
45.81820000 93.63640000
49.90910000 93.63640000
65.36360000 93.63640000
65.45450000 93.63640000
65.54550000 93.63640000
66.09090000 93.63640000
66.18180000 93.63640000
69.63640000 93.63640000
71.36360000 93.63640000
74.72730000 93.63640000
7.90909000 93.72730000
11.63640000 93.72730000
13.63640000 93.72730000
18.18180000 93.72730000
18.27270000 93.72730000
35.72730000 93.72730000
40.36360000 93.72730000
45.81820000 93.72730000
49.81820000 93.72730000
49.90910000 93.72730000
65.45450000 93.72730000
65.54550000 93.72730000
65.63640000 93.72730000
65.81820000 93.72730000
65.90910000 93.72730000
66.00000000 93.72730000
66.09090000 93.72730000
69.63640000 93.72730000
71.36360000 93.72730000
74.72730000 93.72730000
74.81820000 93.72730000
7.90909000 93.81820000
11.63640000 93.81820000
13.63640000 93.81820000
18.27270000 93.81820000
35.72730000 93.81820000
40.36360000 93.81820000
45.81820000 93.81820000
49.81820000 93.81820000
65.45450000 93.81820000
65.63640000 93.81820000
65.72730000 93.81820000
65.81820000 93.81820000
69.63640000 93.81820000
71.27270000 93.81820000
71.36360000 93.81820000
74.81820000 93.81820000
74.90910000 93.81820000
75.00000000 93.81820000
75.36360000 93.81820000
75.45450000 93.81820000
75.54550000 93.81820000
75.63640000 93.81820000
75.72730000 93.81820000
7.90909000 93.90910000
11.63640000 93.90910000
13.63640000 93.90910000
18.27270000 93.90910000
18.36360000 93.90910000
35.63640000 93.90910000
35.72730000 93.90910000
40.36360000 93.90910000
45.81820000 93.90910000
49.81820000 93.90910000
65.45450000 93.90910000
69.63640000 93.90910000
71.27270000 93.90910000
75.00000000 93.90910000
75.09090000 93.90910000
75.18180000 93.90910000
75.27270000 93.90910000
75.36360000 93.90910000
75.72730000 93.90910000
75.81820000 93.90910000
7.90909000 94.00000000
11.63640000 94.00000000
13.63640000 94.00000000
18.36360000 94.00000000
18.45450000 94.00000000
35.63640000 94.00000000
40.36360000 94.00000000
45.81820000 94.00000000
45.90910000 94.00000000
49.81820000 94.00000000
65.45450000 94.00000000
69.63640000 94.00000000
71.27270000 94.00000000
75.81820000 94.00000000
75.90910000 94.00000000
7.81818000 94.09090000
7.90909000 94.09090000
11.63640000 94.09090000
13.63640000 94.09090000
18.45450000 94.09090000
35.54550000 94.09090000
35.63640000 94.09090000
40.36360000 94.09090000
45.90910000 94.09090000
49.81820000 94.09090000
65.45450000 94.09090000
69.63640000 94.09090000
71.27270000 94.09090000
75.90910000 94.09090000
7.81818000 94.18180000
11.63640000 94.18180000
13.63640000 94.18180000
18.45450000 94.18180000
35.54550000 94.18180000
40.36360000 94.18180000
45.90910000 94.18180000
49.81820000 94.18180000
65.45450000 94.18180000
65.54550000 94.18180000
69.63640000 94.18180000
71.27270000 94.18180000
75.90910000 94.18180000
7.81818000 94.27270000
11.63640000 94.27270000
13.63640000 94.27270000
18.45450000 94.27270000
18.54550000 94.27270000
35.54550000 94.27270000
40.36360000 94.27270000
45.90910000 94.27270000
49.81820000 94.27270000
49.90910000 94.27270000
65.54550000 94.27270000
69.63640000 94.27270000
71.27270000 94.27270000
75.90910000 94.27270000
7.81818000 94.36360000
11.63640000 94.36360000
13.63640000 94.36360000
18.54550000 94.36360000
35.45450000 94.36360000
35.54550000 94.36360000
40.36360000 94.36360000
45.90910000 94.36360000
49.90910000 94.36360000
65.54550000 94.36360000
69.63640000 94.36360000
71.27270000 94.36360000
75.81820000 94.36360000
75.90910000 94.36360000
7.72727000 94.45450000
7.81818000 94.45450000
11.63640000 94.45450000
13.63640000 94.45450000
18.54550000 94.45450000
35.45450000 94.45450000
40.36360000 94.45450000
45.90910000 94.45450000
49.90910000 94.45450000
65.54550000 94.45450000
69.63640000 94.45450000
71.27270000 94.45450000
75.81820000 94.45450000
7.72727000 94.54550000
11.63640000 94.54550000
13.63640000 94.54550000
18.54550000 94.54550000
35.45450000 94.54550000
40.36360000 94.54550000
45.90910000 94.54550000
49.90910000 94.54550000
65.54550000 94.54550000
65.63640000 94.54550000
69.63640000 94.54550000
71.27270000 94.54550000
75.72730000 94.54550000
75.81820000 94.54550000
7.72727000 94.63640000
11.63640000 94.63640000
13.63640000 94.63640000
13.72730000 94.63640000
18.54550000 94.63640000
35.36360000 94.63640000
35.45450000 94.63640000
40.36360000 94.63640000
45.90910000 94.63640000
49.90910000 94.63640000
65.63640000 94.63640000
69.63640000 94.63640000
71.27270000 94.63640000
75.63640000 94.63640000
75.72730000 94.63640000
7.63636000 94.72730000
7.72727000 94.72730000
11.63640000 94.72730000
13.72730000 94.72730000
18.54550000 94.72730000
18.63640000 94.72730000
35.36360000 94.72730000
40.36360000 94.72730000
40.45450000 94.72730000
45.90910000 94.72730000
49.90910000 94.72730000
50.00000000 94.72730000
65.63640000 94.72730000
69.63640000 94.72730000
71.27270000 94.72730000
71.36360000 94.72730000
75.54550000 94.72730000
75.63640000 94.72730000
7.63636000 94.81820000
11.63640000 94.81820000
13.72730000 94.81820000
18.63640000 94.81820000
35.36360000 94.81820000
40.45450000 94.81820000
45.90910000 94.81820000
50.00000000 94.81820000
65.63640000 94.81820000
69.63640000 94.81820000
71.36360000 94.81820000
75.36360000 94.81820000
75.45450000 94.81820000
75.54550000 94.81820000
7.63636000 94.90910000
11.63640000 94.90910000
13.72730000 94.90910000
18.63640000 94.90910000
35.27270000 94.90910000
35.36360000 94.90910000
40.45450000 94.90910000
45.90910000 94.90910000
50.00000000 94.90910000
65.63640000 94.90910000
69.63640000 94.90910000
71.36360000 94.90910000
75.27270000 94.90910000
75.36360000 94.90910000
7.54545000 95.00000000
7.63636000 95.00000000
11.63640000 95.00000000
13.72730000 95.00000000
18.63640000 95.00000000
35.27270000 95.00000000
40.45450000 95.00000000
45.90910000 95.00000000
50.00000000 95.00000000
50.09090000 95.00000000
65.63640000 95.00000000
69.63640000 95.00000000
71.36360000 95.00000000
75.18180000 95.00000000
75.27270000 95.00000000
7.54545000 95.09090000
11.63640000 95.09090000
13.72730000 95.09090000
18.63640000 95.09090000
35.18180000 95.09090000
35.27270000 95.09090000
40.45450000 95.09090000
45.90910000 95.09090000
50.09090000 95.09090000
65.63640000 95.09090000
69.63640000 95.09090000
71.36360000 95.09090000
75.09090000 95.09090000
75.18180000 95.09090000
7.45455000 95.18180000
7.54545000 95.18180000
7.72727000 95.18180000
7.81818000 95.18180000
11.63640000 95.18180000
13.72730000 95.18180000
17.90910000 95.18180000
18.00000000 95.18180000
18.09090000 95.18180000
18.18180000 95.18180000
18.63640000 95.18180000
35.18180000 95.18180000
40.45450000 95.18180000
45.90910000 95.18180000
50.09090000 95.18180000
65.63640000 95.18180000
69.63640000 95.18180000
71.36360000 95.18180000
75.09090000 95.18180000
7.45455000 95.27270000
7.63636000 95.27270000
7.72727000 95.27270000
7.81818000 95.27270000
11.63640000 95.27270000
13.72730000 95.27270000
17.90910000 95.27270000
18.00000000 95.27270000
18.18180000 95.27270000
18.27270000 95.27270000
18.36360000 95.27270000
18.45450000 95.27270000
18.54550000 95.27270000
18.63640000 95.27270000
35.09090000 95.27270000
35.18180000 95.27270000
40.45450000 95.27270000
45.90910000 95.27270000
50.09090000 95.27270000
50.18180000 95.27270000
65.54550000 95.27270000
65.63640000 95.27270000
69.63640000 95.27270000
71.36360000 95.27270000
75.00000000 95.27270000
75.09090000 95.27270000
7.36364000 95.36360000
7.45455000 95.36360000
7.54545000 95.36360000
7.63636000 95.36360000
7.81818000 95.36360000
11.63640000 95.36360000
13.72730000 95.36360000
18.00000000 95.36360000
35.09090000 95.36360000
40.45450000 95.36360000
45.90910000 95.36360000
50.18180000 95.36360000
65.36360000 95.36360000
65.45450000 95.36360000
65.54550000 95.36360000
69.63640000 95.36360000
71.36360000 95.36360000
75.00000000 95.36360000
7.36364000 95.45450000
7.54545000 95.45450000
7.81818000 95.45450000
11.63640000 95.45450000
13.72730000 95.45450000
18.00000000 95.45450000
35.00000000 95.45450000
35.09090000 95.45450000
40.45450000 95.45450000
45.90910000 95.45450000
50.18180000 95.45450000
65.27270000 95.45450000
65.36360000 95.45450000
69.63640000 95.45450000
71.36360000 95.45450000
75.00000000 95.45450000
7.27273000 95.54550000
7.36364000 95.54550000
7.45455000 95.54550000
7.54545000 95.54550000
7.81818000 95.54550000
11.63640000 95.54550000
13.72730000 95.54550000
18.00000000 95.54550000
18.09090000 95.54550000
35.00000000 95.54550000
40.45450000 95.54550000
45.90910000 95.54550000
50.18180000 95.54550000
50.27270000 95.54550000
65.18180000 95.54550000
65.27270000 95.54550000
69.54550000 95.54550000
69.63640000 95.54550000
71.36360000 95.54550000
75.00000000 95.54550000
7.27273000 95.63640000
7.45455000 95.63640000
7.81818000 95.63640000
11.63640000 95.63640000
13.72730000 95.63640000
18.09090000 95.63640000
34.90910000 95.63640000
35.00000000 95.63640000
40.45450000 95.63640000
45.90910000 95.63640000
50.27270000 95.63640000
65.09090000 95.63640000
65.18180000 95.63640000
69.54550000 95.63640000
71.36360000 95.63640000
75.00000000 95.63640000
7.18182000 95.72730000
7.27273000 95.72730000
7.45455000 95.72730000
7.81818000 95.72730000
11.63640000 95.72730000
13.72730000 95.72730000
18.09090000 95.72730000
18.18180000 95.72730000
34.90910000 95.72730000
40.45450000 95.72730000
45.90910000 95.72730000
50.27270000 95.72730000
65.00000000 95.72730000
65.09090000 95.72730000
69.54550000 95.72730000
71.36360000 95.72730000
75.00000000 95.72730000
7.18182000 95.81820000
7.36364000 95.81820000
7.45455000 95.81820000
7.81818000 95.81820000
11.63640000 95.81820000
13.72730000 95.81820000
18.18180000 95.81820000
34.81820000 95.81820000
34.90910000 95.81820000
40.45450000 95.81820000
45.81820000 95.81820000
45.90910000 95.81820000
50.27270000 95.81820000
50.36360000 95.81820000
65.00000000 95.81820000
69.54550000 95.81820000
71.36360000 95.81820000
75.00000000 95.81820000
7.18182000 95.90910000
7.36364000 95.90910000
7.72727000 95.90910000
7.81818000 95.90910000
11.63640000 95.90910000
11.72730000 95.90910000
13.72730000 95.90910000
13.81820000 95.90910000
18.18180000 95.90910000
34.81820000 95.90910000
40.36360000 95.90910000
40.45450000 95.90910000
45.81820000 95.90910000
50.36360000 95.90910000
64.90910000 95.90910000
65.00000000 95.90910000
69.45450000 95.90910000
69.54550000 95.90910000
71.36360000 95.90910000
75.00000000 95.90910000
7.09091000 96.00000000
7.18182000 96.00000000
7.27273000 96.00000000
7.36364000 96.00000000
7.72727000 96.00000000
11.72730000 96.00000000
13.81820000 96.00000000
18.18180000 96.00000000
18.27270000 96.00000000
34.72730000 96.00000000
34.81820000 96.00000000
40.36360000 96.00000000
45.81820000 96.00000000
50.36360000 96.00000000
64.90910000 96.00000000
69.45450000 96.00000000
71.36360000 96.00000000
75.00000000 96.00000000
75.09090000 96.00000000
7.09091000 96.09090000
7.27273000 96.09090000
7.72727000 96.09090000
11.72730000 96.09090000
13.81820000 96.09090000
13.90910000 96.09090000
18.27270000 96.09090000
34.72730000 96.09090000
40.27270000 96.09090000
40.36360000 96.09090000
45.81820000 96.09090000
50.36360000 96.09090000
50.45450000 96.09090000
64.81820000 96.09090000
64.90910000 96.09090000
69.45450000 96.09090000
71.36360000 96.09090000
75.09090000 96.09090000
7.00000000 96.18180000
7.09091000 96.18180000
7.18182000 96.18180000
7.27273000 96.18180000
7.72727000 96.18180000
11.72730000 96.18180000
11.81820000 96.18180000
13.90910000 96.18180000
18.27270000 96.18180000
18.36360000 96.18180000
34.63640000 96.18180000
34.72730000 96.18180000
40.27270000 96.18180000
45.81820000 96.18180000
50.45450000 96.18180000
64.81820000 96.18180000
69.36360000 96.18180000
69.45450000 96.18180000
71.36360000 96.18180000
75.09090000 96.18180000
7.00000000 96.27270000
7.18182000 96.27270000
7.72727000 96.27270000
11.81820000 96.27270000
13.90910000 96.27270000
14.00000000 96.27270000
18.36360000 96.27270000
34.63640000 96.27270000
40.09090000 96.27270000
40.18180000 96.27270000
40.27270000 96.27270000
45.81820000 96.27270000
50.45450000 96.27270000
50.54550000 96.27270000
64.81820000 96.27270000
69.36360000 96.27270000
71.27270000 96.27270000
71.36360000 96.27270000
75.09090000 96.27270000
7.00000000 96.36360000
7.09091000 96.36360000
7.18182000 96.36360000
7.72727000 96.36360000
11.81820000 96.36360000
14.00000000 96.36360000
14.09090000 96.36360000
18.36360000 96.36360000
34.54550000 96.36360000
34.63640000 96.36360000
39.27270000 96.36360000
39.36360000 96.36360000
39.90910000 96.36360000
40.00000000 96.36360000
40.09090000 96.36360000
45.81820000 96.36360000
50.54550000 96.36360000
64.81820000 96.36360000
69.36360000 96.36360000
71.27270000 96.36360000
75.09090000 96.36360000
75.18180000 96.36360000
7.00000000 96.45450000
7.09091000 96.45450000
7.72727000 96.45450000
11.81820000 96.45450000
14.09090000 96.45450000
18.36360000 96.45450000
34.45450000 96.45450000
34.54550000 96.45450000
39.18180000 96.45450000
39.27270000 96.45450000
39.36360000 96.45450000
39.45450000 96.45450000
39.54550000 96.45450000
39.63640000 96.45450000
39.72730000 96.45450000
39.81820000 96.45450000
39.90910000 96.45450000
45.81820000 96.45450000
50.54550000 96.45450000
64.81820000 96.45450000
69.27270000 96.45450000
69.36360000 96.45450000
71.27270000 96.45450000
75.18180000 96.45450000
7.72727000 96.54550000
11.81820000 96.54550000
11.90910000 96.54550000
14.09090000 96.54550000
14.18180000 96.54550000
18.36360000 96.54550000
18.45450000 96.54550000
34.45450000 96.54550000
39.09090000 96.54550000
39.18180000 96.54550000
45.81820000 96.54550000
50.54550000 96.54550000
50.63640000 96.54550000
64.81820000 96.54550000
69.27270000 96.54550000
71.18180000 96.54550000
71.27270000 96.54550000
75.18180000 96.54550000
7.72727000 96.63640000
11.90910000 96.63640000
14.18180000 96.63640000
14.27270000 96.63640000
18.45450000 96.63640000
34.36360000 96.63640000
34.45450000 96.63640000
39.09090000 96.63640000
45.81820000 96.63640000
50.63640000 96.63640000
64.81820000 96.63640000
69.27270000 96.63640000
71.18180000 96.63640000
75.18180000 96.63640000
7.72727000 96.72730000
11.90910000 96.72730000
14.27270000 96.72730000
18.45450000 96.72730000
34.36360000 96.72730000
39.09090000 96.72730000
45.81820000 96.72730000
50.63640000 96.72730000
64.72730000 96.72730000
64.81820000 96.72730000
69.27270000 96.72730000
71.18180000 96.72730000
75.18180000 96.72730000
75.27270000 96.72730000
7.72727000 96.81820000
11.90910000 96.81820000
14.27270000 96.81820000
18.45450000 96.81820000
34.27270000 96.81820000
34.36360000 96.81820000
39.09090000 96.81820000
45.81820000 96.81820000
50.63640000 96.81820000
64.72730000 96.81820000
69.18180000 96.81820000
69.27270000 96.81820000
71.18180000 96.81820000
75.27270000 96.81820000
7.72727000 96.90910000
11.90910000 96.90910000
14.27270000 96.90910000
14.36360000 96.90910000
18.45450000 96.90910000
34.18180000 96.90910000
34.27270000 96.90910000
39.09090000 96.90910000
45.81820000 96.90910000
50.63640000 96.90910000
50.72730000 96.90910000
64.72730000 96.90910000
64.81820000 96.90910000
69.18180000 96.90910000
71.09090000 96.90910000
71.18180000 96.90910000
75.27270000 96.90910000
7.72727000 97.00000000
11.90910000 97.00000000
12.00000000 97.00000000
14.36360000 97.00000000
18.45450000 97.00000000
34.18180000 97.00000000
39.09090000 97.00000000
45.81820000 97.00000000
50.72730000 97.00000000
64.81820000 97.00000000
69.18180000 97.00000000
71.09090000 97.00000000
75.27270000 97.00000000
75.36360000 97.00000000
7.72727000 97.09090000
7.81818000 97.09090000
12.00000000 97.09090000
14.36360000 97.09090000
18.45450000 97.09090000
18.54550000 97.09090000
34.09090000 97.09090000
34.18180000 97.09090000
39.09090000 97.09090000
45.81820000 97.09090000
50.72730000 97.09090000
64.81820000 97.09090000
69.18180000 97.09090000
71.09090000 97.09090000
75.36360000 97.09090000
7.81818000 97.18180000
12.00000000 97.18180000
14.36360000 97.18180000
18.54550000 97.18180000
34.09090000 97.18180000
39.00000000 97.18180000
39.09090000 97.18180000
45.81820000 97.18180000
45.90910000 97.18180000
50.72730000 97.18180000
64.81820000 97.18180000
69.18180000 97.18180000
71.09090000 97.18180000
75.36360000 97.18180000
7.81818000 97.27270000
12.00000000 97.27270000
14.36360000 97.27270000
18.45450000 97.27270000
18.54550000 97.27270000
34.00000000 97.27270000
34.09090000 97.27270000
39.00000000 97.27270000
45.90910000 97.27270000
50.72730000 97.27270000
64.81820000 97.27270000
69.18180000 97.27270000
71.09090000 97.27270000
75.36360000 97.27270000
7.81818000 97.36360000
11.90910000 97.36360000
12.00000000 97.36360000
14.36360000 97.36360000
18.45450000 97.36360000
34.00000000 97.36360000
38.90910000 97.36360000
39.00000000 97.36360000
45.90910000 97.36360000
50.72730000 97.36360000
50.81820000 97.36360000
64.81820000 97.36360000
69.18180000 97.36360000
71.09090000 97.36360000
75.36360000 97.36360000
7.81818000 97.45450000
11.90910000 97.45450000
14.36360000 97.45450000
18.45450000 97.45450000
33.90910000 97.45450000
34.00000000 97.45450000
38.81820000 97.45450000
38.90910000 97.45450000
45.90910000 97.45450000
50.81820000 97.45450000
64.81820000 97.45450000
69.18180000 97.45450000
71.09090000 97.45450000
75.36360000 97.45450000
7.81818000 97.54550000
7.90909000 97.54550000
11.90910000 97.54550000
14.36360000 97.54550000
18.45450000 97.54550000
33.90910000 97.54550000
38.81820000 97.54550000
45.90910000 97.54550000
50.81820000 97.54550000
64.81820000 97.54550000
64.90910000 97.54550000
69.18180000 97.54550000
71.09090000 97.54550000
75.36360000 97.54550000
7.90909000 97.63640000
11.90910000 97.63640000
14.36360000 97.63640000
14.45450000 97.63640000
18.45450000 97.63640000
33.81820000 97.63640000
33.90910000 97.63640000
38.72730000 97.63640000
38.81820000 97.63640000
45.90910000 97.63640000
50.81820000 97.63640000
64.90910000 97.63640000
69.18180000 97.63640000
71.09090000 97.63640000
75.36360000 97.63640000
75.45450000 97.63640000
7.90909000 97.72730000
8.00000000 97.72730000
11.90910000 97.72730000
14.45450000 97.72730000
18.36360000 97.72730000
18.45450000 97.72730000
33.81820000 97.72730000
38.63640000 97.72730000
38.72730000 97.72730000
45.90910000 97.72730000
50.81820000 97.72730000
64.90910000 97.72730000
69.18180000 97.72730000
71.09090000 97.72730000
75.45450000 97.72730000
8.00000000 97.81820000
11.81820000 97.81820000
11.90910000 97.81820000
14.45450000 97.81820000
18.36360000 97.81820000
33.81820000 97.81820000
38.63640000 97.81820000
45.90910000 97.81820000
46.00000000 97.81820000
50.81820000 97.81820000
64.90910000 97.81820000
65.00000000 97.81820000
69.18180000 97.81820000
71.09090000 97.81820000
75.45450000 97.81820000
8.00000000 97.90910000
11.81820000 97.90910000
14.45450000 97.90910000
14.54550000 97.90910000
18.27270000 97.90910000
18.36360000 97.90910000
33.81820000 97.90910000
38.54550000 97.90910000
38.63640000 97.90910000
46.00000000 97.90910000
50.81820000 97.90910000
65.00000000 97.90910000
69.18180000 97.90910000
71.09090000 97.90910000
75.45450000 97.90910000
8.00000000 98.00000000
8.09091000 98.00000000
11.72730000 98.00000000
11.81820000 98.00000000
14.54550000 98.00000000
14.63640000 98.00000000
18.18180000 98.00000000
18.27270000 98.00000000
33.72730000 98.00000000
33.81820000 98.00000000
38.54550000 98.00000000
46.00000000 98.00000000
50.81820000 98.00000000
65.00000000 98.00000000
69.18180000 98.00000000
71.09090000 98.00000000
75.45450000 98.00000000
8.09091000 98.09090000
8.18182000 98.09090000
11.63640000 98.09090000
11.72730000 98.09090000
14.63640000 98.09090000
14.72730000 98.09090000
18.00000000 98.09090000
18.09090000 98.09090000
18.18180000 98.09090000
33.72730000 98.09090000
38.45450000 98.09090000
38.54550000 98.09090000
46.00000000 98.09090000
50.81820000 98.09090000
65.00000000 98.09090000
65.09090000 98.09090000
69.09090000 98.09090000
69.18180000 98.09090000
71.09090000 98.09090000
71.18180000 98.09090000
75.36360000 98.09090000
75.45450000 98.09090000
8.18182000 98.18180000
8.27273000 98.18180000
11.63640000 98.18180000
14.72730000 98.18180000
14.81820000 98.18180000
17.90910000 98.18180000
18.00000000 98.18180000
33.72730000 98.18180000
38.45450000 98.18180000
46.00000000 98.18180000
50.81820000 98.18180000
65.09090000 98.18180000
65.18180000 98.18180000
69.09090000 98.18180000
71.18180000 98.18180000
75.36360000 98.18180000
8.27273000 98.27270000
8.36364000 98.27270000
11.54550000 98.27270000
11.63640000 98.27270000
14.81820000 98.27270000
14.90910000 98.27270000
17.72730000 98.27270000
17.81820000 98.27270000
17.90910000 98.27270000
33.72730000 98.27270000
38.36360000 98.27270000
38.45450000 98.27270000
46.00000000 98.27270000
46.09090000 98.27270000
50.81820000 98.27270000
65.18180000 98.27270000
69.09090000 98.27270000
71.18180000 98.27270000
75.36360000 98.27270000
8.36364000 98.36360000
8.45454000 98.36360000
8.54546000 98.36360000
11.36360000 98.36360000
11.45450000 98.36360000
11.54550000 98.36360000
14.90910000 98.36360000
15.00000000 98.36360000
15.09090000 98.36360000
17.45450000 98.36360000
17.54550000 98.36360000
17.63640000 98.36360000
17.72730000 98.36360000
33.72730000 98.36360000
38.36360000 98.36360000
46.09090000 98.36360000
50.72730000 98.36360000
50.81820000 98.36360000
65.18180000 98.36360000
65.27270000 98.36360000
69.00000000 98.36360000
69.09090000 98.36360000
71.18180000 98.36360000
75.36360000 98.36360000
8.54546000 98.45450000
8.63636000 98.45450000
8.72727000 98.45450000
11.18180000 98.45450000
11.27270000 98.45450000
11.36360000 98.45450000
15.09090000 98.45450000
15.18180000 98.45450000
15.27270000 98.45450000
15.36360000 98.45450000
17.09090000 98.45450000
17.18180000 98.45450000
17.27270000 98.45450000
17.36360000 98.45450000
17.45450000 98.45450000
33.72730000 98.45450000
38.27270000 98.45450000
38.36360000 98.45450000
46.09090000 98.45450000
46.18180000 98.45450000
50.72730000 98.45450000
65.27270000 98.45450000
65.36360000 98.45450000
65.45450000 98.45450000
69.00000000 98.45450000
71.18180000 98.45450000
71.27270000 98.45450000
75.27270000 98.45450000
75.36360000 98.45450000
8.72727000 98.54550000
8.81818000 98.54550000
8.90909000 98.54550000
9.00000000 98.54550000
11.00000000 98.54550000
11.09090000 98.54550000
11.18180000 98.54550000
15.36360000 98.54550000
15.45450000 98.54550000
15.54550000 98.54550000
15.63640000 98.54550000
15.72730000 98.54550000
15.81820000 98.54550000
15.90910000 98.54550000
16.36360000 98.54550000
16.45450000 98.54550000
16.54550000 98.54550000
16.63640000 98.54550000
16.72730000 98.54550000
16.81820000 98.54550000
16.90910000 98.54550000
17.00000000 98.54550000
17.09090000 98.54550000
33.72730000 98.54550000
33.81820000 98.54550000
38.18180000 98.54550000
38.27270000 98.54550000
46.18180000 98.54550000
50.72730000 98.54550000
65.45450000 98.54550000
65.54550000 98.54550000
68.90910000 98.54550000
69.00000000 98.54550000
71.27270000 98.54550000
75.27270000 98.54550000
9.00000000 98.63640000
9.09091000 98.63640000
9.18182000 98.63640000
9.27273000 98.63640000
9.36364000 98.63640000
9.45454000 98.63640000
10.63640000 98.63640000
10.72730000 98.63640000
10.81820000 98.63640000
10.90910000 98.63640000
11.00000000 98.63640000
15.90910000 98.63640000
16.00000000 98.63640000
16.09090000 98.63640000
16.18180000 98.63640000
16.27270000 98.63640000
16.36360000 98.63640000
33.81820000 98.63640000
38.18180000 98.63640000
46.18180000 98.63640000
50.72730000 98.63640000
65.54550000 98.63640000
65.63640000 98.63640000
65.72730000 98.63640000
68.81820000 98.63640000
68.90910000 98.63640000
71.27270000 98.63640000
71.36360000 98.63640000
75.18180000 98.63640000
75.27270000 98.63640000
9.45454000 98.72730000
9.54546000 98.72730000
9.63636000 98.72730000
9.72727000 98.72730000
9.81818000 98.72730000
9.90909000 98.72730000
10.00000000 98.72730000
10.09090000 98.72730000
10.18180000 98.72730000
10.27270000 98.72730000
10.36360000 98.72730000
10.45450000 98.72730000
10.54550000 98.72730000
10.63640000 98.72730000
33.81820000 98.72730000
33.90910000 98.72730000
38.09090000 98.72730000
38.18180000 98.72730000
46.18180000 98.72730000
46.27270000 98.72730000
50.63640000 98.72730000
50.72730000 98.72730000
65.72730000 98.72730000
65.81820000 98.72730000
65.90910000 98.72730000
68.72730000 98.72730000
68.81820000 98.72730000
71.36360000 98.72730000
75.09090000 98.72730000
75.18180000 98.72730000
33.90910000 98.81820000
37.90910000 98.81820000
38.00000000 98.81820000
38.09090000 98.81820000
46.27270000 98.81820000
46.36360000 98.81820000
50.63640000 98.81820000
65.90910000 98.81820000
66.00000000 98.81820000
66.09090000 98.81820000
66.18180000 98.81820000
66.27270000 98.81820000
68.54550000 98.81820000
68.63640000 98.81820000
68.72730000 98.81820000
71.36360000 98.81820000
71.45450000 98.81820000
75.00000000 98.81820000
75.09090000 98.81820000
33.90910000 98.90910000
34.00000000 98.90910000
37.72730000 98.90910000
37.81820000 98.90910000
37.90910000 98.90910000
46.36360000 98.90910000
46.45450000 98.90910000
50.63640000 98.90910000
66.27270000 98.90910000
66.36360000 98.90910000
66.45450000 98.90910000
66.54550000 98.90910000
66.63640000 98.90910000
68.09090000 98.90910000
68.18180000 98.90910000
68.27270000 98.90910000
68.36360000 98.90910000
68.45450000 98.90910000
68.54550000 98.90910000
71.45450000 98.90910000
71.54550000 98.90910000
74.90910000 98.90910000
75.00000000 98.90910000
34.00000000 99.00000000
34.09090000 99.00000000
34.18180000 99.00000000
37.63640000 99.00000000
37.72730000 99.00000000
46.45450000 99.00000000
50.54550000 99.00000000
50.63640000 99.00000000
66.63640000 99.00000000
66.72730000 99.00000000
66.81820000 99.00000000
66.90910000 99.00000000
67.00000000 99.00000000
67.09090000 99.00000000
67.18180000 99.00000000
67.27270000 99.00000000
67.36360000 99.00000000
67.45450000 99.00000000
67.54550000 99.00000000
67.63640000 99.00000000
67.72730000 99.00000000
67.81820000 99.00000000
67.90910000 99.00000000
68.00000000 99.00000000
68.09090000 99.00000000
71.54550000 99.00000000
71.63640000 99.00000000
74.81820000 99.00000000
74.90910000 99.00000000
34.18180000 99.09090000
34.27270000 99.09090000
34.36360000 99.09090000
37.36360000 99.09090000
37.45450000 99.09090000
37.54550000 99.09090000
37.63640000 99.09090000
46.45450000 99.09090000
46.54550000 99.09090000
50.45450000 99.09090000
50.54550000 99.09090000
71.63640000 99.09090000
71.72730000 99.09090000
71.81820000 99.09090000
74.54550000 99.09090000
74.63640000 99.09090000
74.72730000 99.09090000
74.81820000 99.09090000
34.36360000 99.18180000
34.45450000 99.18180000
34.54550000 99.18180000
37.09090000 99.18180000
37.18180000 99.18180000
37.27270000 99.18180000
37.36360000 99.18180000
46.54550000 99.18180000
46.63640000 99.18180000
46.72730000 99.18180000
50.45450000 99.18180000
71.81820000 99.18180000
71.90910000 99.18180000
72.00000000 99.18180000
74.27270000 99.18180000
74.36360000 99.18180000
74.45450000 99.18180000
74.54550000 99.18180000
34.54550000 99.27270000
34.63640000 99.27270000
34.72730000 99.27270000
34.81820000 99.27270000
34.90910000 99.27270000
36.81820000 99.27270000
36.90910000 99.27270000
37.00000000 99.27270000
37.09090000 99.27270000
46.72730000 99.27270000
46.81820000 99.27270000
50.36360000 99.27270000
50.45450000 99.27270000
72.00000000 99.27270000
72.09090000 99.27270000
72.18180000 99.27270000
72.27270000 99.27270000
73.90910000 99.27270000
74.00000000 99.27270000
74.09090000 99.27270000
74.18180000 99.27270000
74.27270000 99.27270000
34.90910000 99.36360000
35.00000000 99.36360000
35.09090000 99.36360000
35.18180000 99.36360000
35.27270000 99.36360000
35.36360000 99.36360000
35.45450000 99.36360000
35.54550000 99.36360000
35.63640000 99.36360000
36.18180000 99.36360000
36.27270000 99.36360000
36.36360000 99.36360000
36.45450000 99.36360000
36.54550000 99.36360000
36.63640000 99.36360000
36.72730000 99.36360000
36.81820000 99.36360000
46.81820000 99.36360000
46.90910000 99.36360000
47.00000000 99.36360000
50.18180000 99.36360000
50.27270000 99.36360000
50.36360000 99.36360000
72.27270000 99.36360000
72.36360000 99.36360000
72.45450000 99.36360000
72.54550000 99.36360000
72.63640000 99.36360000
72.72730000 99.36360000
72.81820000 99.36360000
72.90910000 99.36360000
73.00000000 99.36360000
73.09090000 99.36360000
73.18180000 99.36360000
73.27270000 99.36360000
73.36360000 99.36360000
73.45450000 99.36360000
73.54550000 99.36360000
73.63640000 99.36360000
73.72730000 99.36360000
73.81820000 99.36360000
73.90910000 99.36360000
35.63640000 99.45450000
35.72730000 99.45450000
35.81820000 99.45450000
35.90910000 99.45450000
36.00000000 99.45450000
36.09090000 99.45450000
36.18180000 99.45450000
47.00000000 99.45450000
47.09090000 99.45450000
47.18180000 99.45450000
47.27270000 99.45450000
50.09090000 99.45450000
50.18180000 99.45450000
47.27270000 99.54550000
47.36360000 99.54550000
47.45450000 99.54550000
47.54550000 99.54550000
47.63640000 99.54550000
47.72730000 99.54550000
49.81820000 99.54550000
49.90910000 99.54550000
50.00000000 99.54550000
50.09090000 99.54550000
47.72730000 99.63640000
47.81820000 99.63640000
47.90910000 99.63640000
48.00000000 99.63640000
48.09090000 99.63640000
48.18180000 99.63640000
48.27270000 99.63640000
49.45450000 99.63640000
49.54550000 99.63640000
49.63640000 99.63640000
49.72730000 99.63640000
49.81820000 99.63640000
48.27270000 99.72730000
48.36360000 99.72730000
48.45450000 99.72730000
48.54550000 99.72730000
48.63640000 99.72730000
48.72730000 99.72730000
48.81820000 99.72730000
48.90910000 99.72730000
49.00000000 99.72730000
49.09090000 99.72730000
49.18180000 99.72730000
49.27270000 99.72730000
49.36360000 99.72730000
49.45450000 99.72730000
